Dataset Name,Image Name,Characteristics [Organism],Term Source 1 REF,Term Source 1 Accession,Characteristics [Cell Line],Term Source 2 REF,Term Source 2 Accession,Experimental Condition [Condition],Source Name,Assay Name,Comment [Image File Type],Channels
Rep1_HNRNPC_NUP,AC16_Rep1_18d24h37d2h_HNRNPC488_NUP594_01_SIR_THR_ALN.tif,Homo sapiens,NCBITaxon,9606,AC16,,,"18°C 24h, 37°C 2h",3D-SIM,Rep1,Reconstructed image,"hnRNPC, Nuclear Pore Complex, DAPI"
Rep1_HNRNPC_NUP,AC16_Rep1_18d24h37d2h_HNRNPC488_NUP594_02_SIR_THR_ALN.tif,Homo sapiens,NCBITaxon,9606,AC16,,,"18°C 24h, 37°C 2h",3D-SIM,Rep1,Reconstructed image,"hnRNPC, Nuclear Pore Complex, DAPI"
Rep1_HNRNPC_NUP,AC16_Rep1_18d24h37d2h_HNRNPC488_NUP594_03_SIR_THR_ALN.tif,Homo sapiens,NCBITaxon,9606,AC16,,,"18°C 24h, 37°C 2h",3D-SIM,Rep1,Reconstructed image,"hnRNPC, Nuclear Pore Complex, DAPI"
Rep1_HNRNPC_NUP,AC16_Rep1_18d24h37d2h_HNRNPC488_NUP594_04_SIR_THR_ALN.tif,Homo sapiens,NCBITaxon,9606,AC16,,,"18°C 24h, 37°C 2h",3D-SIM,Rep1,Reconstructed image,"hnRNPC, Nuclear Pore Complex, DAPI"
Rep1_HNRNPC_NUP,AC16_Rep1_18d24h37d2h_HNRNPC488_NUP594_05_SIR_THR_ALN.tif,Homo sapiens,NCBITaxon,9606,AC16,,,"18°C 24h, 37°C 2h",3D-SIM,Rep1,Reconstructed image,"hnRNPC, Nuclear Pore Complex, DAPI"
Rep1_HNRNPC_NUP,AC16_Rep1_18d24h37d2h_HNRNPC488_NUP594_06_SIR_THR_ALN.tif,Homo sapiens,NCBITaxon,9606,AC16,,,"18°C 24h, 37°C 2h",3D-SIM,Rep1,Reconstructed image,"hnRNPC, Nuclear Pore Complex, DAPI"
Rep1_HNRNPC_NUP,AC16_Rep1_18d24h37d2h_HNRNPC488_NUP594_07_SIR_THR_ALN.tif,Homo sapiens,NCBITaxon,9606,AC16,,,"18°C 24h, 37°C 2h",3D-SIM,Rep1,Reconstructed image,"hnRNPC, Nuclear Pore Complex, DAPI"
Rep1_HNRNPC_NUP,AC16_Rep1_18d24h37d2h_HNRNPC488_NUP594_08_SIR_THR_ALN.tif,Homo sapiens,NCBITaxon,9606,AC16,,,"18°C 24h, 37°C 2h",3D-SIM,Rep1,Reconstructed image,"hnRNPC, Nuclear Pore Complex, DAPI"
Rep1_HNRNPC_NUP,AC16_Rep1_18d24h37d2h_HNRNPC488_NUP594_09_SIR_THR_ALN.tif,Homo sapiens,NCBITaxon,9606,AC16,,,"18°C 24h, 37°C 2h",3D-SIM,Rep1,Reconstructed image,"hnRNPC, Nuclear Pore Complex, DAPI"
Rep1_HNRNPC_NUP,AC16_Rep1_18d24h37d2h_HNRNPC488_NUP594_10_SIR_THR_ALN.tif,Homo sapiens,NCBITaxon,9606,AC16,,,"18°C 24h, 37°C 2h",3D-SIM,Rep1,Reconstructed image,"hnRNPC, Nuclear Pore Complex, DAPI"
Rep1_HNRNPC_NUP,AC16_Rep1_18d24h37d2h_HNRNPC488_NUP594_11_SIR_THR_ALN.tif,Homo sapiens,NCBITaxon,9606,AC16,,,"18°C 24h, 37°C 2h",3D-SIM,Rep1,Reconstructed image,"hnRNPC, Nuclear Pore Complex, DAPI"
Rep1_HNRNPC_NUP,AC16_Rep1_18d24h37d2h_HNRNPC488_NUP594_12_SIR_THR_ALN.tif,Homo sapiens,NCBITaxon,9606,AC16,,,"18°C 24h, 37°C 2h",3D-SIM,Rep1,Reconstructed image,"hnRNPC, Nuclear Pore Complex, DAPI"
Rep1_HNRNPC_NUP,AC16_Rep1_18d24h37d2h_HNRNPC488_NUP594_13_SIR_THR_ALN.tif,Homo sapiens,NCBITaxon,9606,AC16,,,"18°C 24h, 37°C 2h",3D-SIM,Rep1,Reconstructed image,"hnRNPC, Nuclear Pore Complex, DAPI"
Rep1_HNRNPC_NUP,AC16_Rep1_18d24h37d2h_HNRNPC488_NUP594_14_SIR_THR_ALN.tif,Homo sapiens,NCBITaxon,9606,AC16,,,"18°C 24h, 37°C 2h",3D-SIM,Rep1,Reconstructed image,"hnRNPC, Nuclear Pore Complex, DAPI"
Rep1_HNRNPC_NUP,AC16_Rep1_18d24h37d2h_HNRNPC488_NUP594_15_SIR_THR_ALN.tif,Homo sapiens,NCBITaxon,9606,AC16,,,"18°C 24h, 37°C 2h",3D-SIM,Rep1,Reconstructed image,"hnRNPC, Nuclear Pore Complex, DAPI"
Rep1_HNRNPC_NUP,AC16_Rep1_18d24h37d2h_HNRNPC488_NUP594_16_SIR_THR_ALN.tif,Homo sapiens,NCBITaxon,9606,AC16,,,"18°C 24h, 37°C 2h",3D-SIM,Rep1,Reconstructed image,"hnRNPC, Nuclear Pore Complex, DAPI"
Rep1_HNRNPC_NUP,AC16_Rep1_18d24h37d2h_HNRNPC488_NUP594_17_SIR_THR_ALN.tif,Homo sapiens,NCBITaxon,9606,AC16,,,"18°C 24h, 37°C 2h",3D-SIM,Rep1,Reconstructed image,"hnRNPC, Nuclear Pore Complex, DAPI"
Rep1_HNRNPC_NUP,AC16_Rep1_18d24h37d2h_HNRNPC488_NUP594_18_SIR_THR_ALN.tif,Homo sapiens,NCBITaxon,9606,AC16,,,"18°C 24h, 37°C 2h",3D-SIM,Rep1,Reconstructed image,"hnRNPC, Nuclear Pore Complex, DAPI"
Rep1_HNRNPC_NUP,AC16_Rep1_18d24h37d2h_HNRNPC488_NUP594_19_SIR_THR_ALN.tif,Homo sapiens,NCBITaxon,9606,AC16,,,"18°C 24h, 37°C 2h",3D-SIM,Rep1,Reconstructed image,"hnRNPC, Nuclear Pore Complex, DAPI"
Rep1_HNRNPC_NUP,AC16_Rep1_18d24h37d2h_HNRNPC488_NUP594_20_SIR_THR_ALN.tif,Homo sapiens,NCBITaxon,9606,AC16,,,"18°C 24h, 37°C 2h",3D-SIM,Rep1,Reconstructed image,"hnRNPC, Nuclear Pore Complex, DAPI"
Rep1_HNRNPC_NUP,AC16_Rep1_18d24h37d2h_HNRNPC488_NUP594_21_SIR_THR_ALN.tif,Homo sapiens,NCBITaxon,9606,AC16,,,"18°C 24h, 37°C 2h",3D-SIM,Rep1,Reconstructed image,"hnRNPC, Nuclear Pore Complex, DAPI"
Rep1_HNRNPC_NUP,AC16_Rep1_18d24h37d2h_HNRNPC488_NUP594_22_SIR_THR_ALN.tif,Homo sapiens,NCBITaxon,9606,AC16,,,"18°C 24h, 37°C 2h",3D-SIM,Rep1,Reconstructed image,"hnRNPC, Nuclear Pore Complex, DAPI"
Rep1_HNRNPC_NUP,AC16_Rep1_18d24h37d2h_HNRNPC488_NUP594_23_SIR_THR_ALN.tif,Homo sapiens,NCBITaxon,9606,AC16,,,"18°C 24h, 37°C 2h",3D-SIM,Rep1,Reconstructed image,"hnRNPC, Nuclear Pore Complex, DAPI"
Rep1_HNRNPC_NUP,AC16_Rep1_18d24h37d2h_HNRNPC488_NUP594_24_SIR_THR_ALN.tif,Homo sapiens,NCBITaxon,9606,AC16,,,"18°C 24h, 37°C 2h",3D-SIM,Rep1,Reconstructed image,"hnRNPC, Nuclear Pore Complex, DAPI"
Rep1_HNRNPC_NUP,AC16_Rep1_18d24h37d2h_HNRNPC488_NUP594_25_SIR_THR_ALN.tif,Homo sapiens,NCBITaxon,9606,AC16,,,"18°C 24h, 37°C 2h",3D-SIM,Rep1,Reconstructed image,"hnRNPC, Nuclear Pore Complex, DAPI"
Rep1_HNRNPC_NUP,AC16_Rep1_18d24h_HNRNPC488_NUP594_01_SIR_THR_ALN.tif,Homo sapiens,NCBITaxon,9606,AC16,,,18°C 24h,3D-SIM,Rep1,Reconstructed image,"hnRNPC, Nuclear Pore Complex, DAPI"
Rep1_HNRNPC_NUP,AC16_Rep1_18d24h_HNRNPC488_NUP594_02_SIR_THR_ALN.tif,Homo sapiens,NCBITaxon,9606,AC16,,,18°C 24h,3D-SIM,Rep1,Reconstructed image,"hnRNPC, Nuclear Pore Complex, DAPI"
Rep1_HNRNPC_NUP,AC16_Rep1_18d24h_HNRNPC488_NUP594_03_SIR_THR_ALN.tif,Homo sapiens,NCBITaxon,9606,AC16,,,18°C 24h,3D-SIM,Rep1,Reconstructed image,"hnRNPC, Nuclear Pore Complex, DAPI"
Rep1_HNRNPC_NUP,AC16_Rep1_18d24h_HNRNPC488_NUP594_04_SIR_THR_ALN.tif,Homo sapiens,NCBITaxon,9606,AC16,,,18°C 24h,3D-SIM,Rep1,Reconstructed image,"hnRNPC, Nuclear Pore Complex, DAPI"
Rep1_HNRNPC_NUP,AC16_Rep1_18d24h_HNRNPC488_NUP594_05_SIR_THR_ALN.tif,Homo sapiens,NCBITaxon,9606,AC16,,,18°C 24h,3D-SIM,Rep1,Reconstructed image,"hnRNPC, Nuclear Pore Complex, DAPI"
Rep1_HNRNPC_NUP,AC16_Rep1_18d24h_HNRNPC488_NUP594_06_SIR_THR_ALN.tif,Homo sapiens,NCBITaxon,9606,AC16,,,18°C 24h,3D-SIM,Rep1,Reconstructed image,"hnRNPC, Nuclear Pore Complex, DAPI"
Rep1_HNRNPC_NUP,AC16_Rep1_18d24h_HNRNPC488_NUP594_07_SIR_THR_ALN.tif,Homo sapiens,NCBITaxon,9606,AC16,,,18°C 24h,3D-SIM,Rep1,Reconstructed image,"hnRNPC, Nuclear Pore Complex, DAPI"
Rep1_HNRNPC_NUP,AC16_Rep1_18d24h_HNRNPC488_NUP594_08_SIR_THR_ALN.tif,Homo sapiens,NCBITaxon,9606,AC16,,,18°C 24h,3D-SIM,Rep1,Reconstructed image,"hnRNPC, Nuclear Pore Complex, DAPI"
Rep1_HNRNPC_NUP,AC16_Rep1_18d24h_HNRNPC488_NUP594_09_SIR_THR_ALN.tif,Homo sapiens,NCBITaxon,9606,AC16,,,18°C 24h,3D-SIM,Rep1,Reconstructed image,"hnRNPC, Nuclear Pore Complex, DAPI"
Rep1_HNRNPC_NUP,AC16_Rep1_18d24h_HNRNPC488_NUP594_10_SIR_THR_ALN.tif,Homo sapiens,NCBITaxon,9606,AC16,,,18°C 24h,3D-SIM,Rep1,Reconstructed image,"hnRNPC, Nuclear Pore Complex, DAPI"
Rep1_HNRNPC_NUP,AC16_Rep1_18d24h_HNRNPC488_NUP594_11_SIR_THR_ALN.tif,Homo sapiens,NCBITaxon,9606,AC16,,,18°C 24h,3D-SIM,Rep1,Reconstructed image,"hnRNPC, Nuclear Pore Complex, DAPI"
Rep1_HNRNPC_NUP,AC16_Rep1_18d24h_HNRNPC488_NUP594_12_SIR_THR_ALN.tif,Homo sapiens,NCBITaxon,9606,AC16,,,18°C 24h,3D-SIM,Rep1,Reconstructed image,"hnRNPC, Nuclear Pore Complex, DAPI"
Rep1_HNRNPC_NUP,AC16_Rep1_18d24h_HNRNPC488_NUP594_13_SIR_THR_ALN.tif,Homo sapiens,NCBITaxon,9606,AC16,,,18°C 24h,3D-SIM,Rep1,Reconstructed image,"hnRNPC, Nuclear Pore Complex, DAPI"
Rep1_HNRNPC_NUP,AC16_Rep1_18d24h_HNRNPC488_NUP594_14_SIR_THR_ALN.tif,Homo sapiens,NCBITaxon,9606,AC16,,,18°C 24h,3D-SIM,Rep1,Reconstructed image,"hnRNPC, Nuclear Pore Complex, DAPI"
Rep1_HNRNPC_NUP,AC16_Rep1_18d24h_HNRNPC488_NUP594_15_SIR_THR_ALN.tif,Homo sapiens,NCBITaxon,9606,AC16,,,18°C 24h,3D-SIM,Rep1,Reconstructed image,"hnRNPC, Nuclear Pore Complex, DAPI"
Rep1_HNRNPC_NUP,AC16_Rep1_18d24h_HNRNPC488_NUP594_16_SIR_THR_ALN.tif,Homo sapiens,NCBITaxon,9606,AC16,,,18°C 24h,3D-SIM,Rep1,Reconstructed image,"hnRNPC, Nuclear Pore Complex, DAPI"
Rep1_HNRNPC_NUP,AC16_Rep1_18d24h_HNRNPC488_NUP594_17_SIR_THR_ALN.tif,Homo sapiens,NCBITaxon,9606,AC16,,,18°C 24h,3D-SIM,Rep1,Reconstructed image,"hnRNPC, Nuclear Pore Complex, DAPI"
Rep1_HNRNPC_NUP,AC16_Rep1_18d24h_HNRNPC488_NUP594_18_SIR_THR_ALN.tif,Homo sapiens,NCBITaxon,9606,AC16,,,18°C 24h,3D-SIM,Rep1,Reconstructed image,"hnRNPC, Nuclear Pore Complex, DAPI"
Rep1_HNRNPC_NUP,AC16_Rep1_18d24h_HNRNPC488_NUP594_19_SIR_THR_ALN.tif,Homo sapiens,NCBITaxon,9606,AC16,,,18°C 24h,3D-SIM,Rep1,Reconstructed image,"hnRNPC, Nuclear Pore Complex, DAPI"
Rep1_HNRNPC_NUP,AC16_Rep1_18d24h_HNRNPC488_NUP594_20_SIR_THR_ALN.tif,Homo sapiens,NCBITaxon,9606,AC16,,,18°C 24h,3D-SIM,Rep1,Reconstructed image,"hnRNPC, Nuclear Pore Complex, DAPI"
Rep1_HNRNPC_NUP,AC16_Rep1_18d24h_HNRNPC488_NUP594_21_SIR_THR_ALN.tif,Homo sapiens,NCBITaxon,9606,AC16,,,18°C 24h,3D-SIM,Rep1,Reconstructed image,"hnRNPC, Nuclear Pore Complex, DAPI"
Rep1_HNRNPC_NUP,AC16_Rep1_18d24h_HNRNPC488_NUP594_22_SIR_THR_ALN.tif,Homo sapiens,NCBITaxon,9606,AC16,,,18°C 24h,3D-SIM,Rep1,Reconstructed image,"hnRNPC, Nuclear Pore Complex, DAPI"
Rep1_HNRNPC_NUP,AC16_Rep1_18d5h_HNRNPC488_NUP594_01_SIR_THR_ALN.tif,Homo sapiens,NCBITaxon,9606,AC16,,,18°C 5h,3D-SIM,Rep1,Reconstructed image,"hnRNPC, Nuclear Pore Complex, DAPI"
Rep1_HNRNPC_NUP,AC16_Rep1_18d5h_HNRNPC488_NUP594_02_SIR_THR_ALN.tif,Homo sapiens,NCBITaxon,9606,AC16,,,18°C 5h,3D-SIM,Rep1,Reconstructed image,"hnRNPC, Nuclear Pore Complex, DAPI"
Rep1_HNRNPC_NUP,AC16_Rep1_18d5h_HNRNPC488_NUP594_03_SIR_THR_ALN.tif,Homo sapiens,NCBITaxon,9606,AC16,,,18°C 5h,3D-SIM,Rep1,Reconstructed image,"hnRNPC, Nuclear Pore Complex, DAPI"
Rep1_HNRNPC_NUP,AC16_Rep1_18d5h_HNRNPC488_NUP594_04_SIR_THR_ALN.tif,Homo sapiens,NCBITaxon,9606,AC16,,,18°C 5h,3D-SIM,Rep1,Reconstructed image,"hnRNPC, Nuclear Pore Complex, DAPI"
Rep1_HNRNPC_NUP,AC16_Rep1_18d5h_HNRNPC488_NUP594_05_SIR_THR_ALN.tif,Homo sapiens,NCBITaxon,9606,AC16,,,18°C 5h,3D-SIM,Rep1,Reconstructed image,"hnRNPC, Nuclear Pore Complex, DAPI"
Rep1_HNRNPC_NUP,AC16_Rep1_18d5h_HNRNPC488_NUP594_06_SIR_THR_ALN.tif,Homo sapiens,NCBITaxon,9606,AC16,,,18°C 5h,3D-SIM,Rep1,Reconstructed image,"hnRNPC, Nuclear Pore Complex, DAPI"
Rep1_HNRNPC_NUP,AC16_Rep1_18d5h_HNRNPC488_NUP594_07_SIR_THR_ALN.tif,Homo sapiens,NCBITaxon,9606,AC16,,,18°C 5h,3D-SIM,Rep1,Reconstructed image,"hnRNPC, Nuclear Pore Complex, DAPI"
Rep1_HNRNPC_NUP,AC16_Rep1_18d5h_HNRNPC488_NUP594_08_SIR_THR_ALN.tif,Homo sapiens,NCBITaxon,9606,AC16,,,18°C 5h,3D-SIM,Rep1,Reconstructed image,"hnRNPC, Nuclear Pore Complex, DAPI"
Rep1_HNRNPC_NUP,AC16_Rep1_18d5h_HNRNPC488_NUP594_09_SIR_THR_ALN.tif,Homo sapiens,NCBITaxon,9606,AC16,,,18°C 5h,3D-SIM,Rep1,Reconstructed image,"hnRNPC, Nuclear Pore Complex, DAPI"
Rep1_HNRNPC_NUP,AC16_Rep1_18d5h_HNRNPC488_NUP594_10_SIR_THR_ALN.tif,Homo sapiens,NCBITaxon,9606,AC16,,,18°C 5h,3D-SIM,Rep1,Reconstructed image,"hnRNPC, Nuclear Pore Complex, DAPI"
Rep1_HNRNPC_NUP,AC16_Rep1_18d5h_HNRNPC488_NUP594_11_SIR_THR_ALN.tif,Homo sapiens,NCBITaxon,9606,AC16,,,18°C 5h,3D-SIM,Rep1,Reconstructed image,"hnRNPC, Nuclear Pore Complex, DAPI"
Rep1_HNRNPC_NUP,AC16_Rep1_18d5h_HNRNPC488_NUP594_12_SIR_THR_ALN.tif,Homo sapiens,NCBITaxon,9606,AC16,,,18°C 5h,3D-SIM,Rep1,Reconstructed image,"hnRNPC, Nuclear Pore Complex, DAPI"
Rep1_HNRNPC_NUP,AC16_Rep1_18d5h_HNRNPC488_NUP594_13_SIR_THR_ALN.tif,Homo sapiens,NCBITaxon,9606,AC16,,,18°C 5h,3D-SIM,Rep1,Reconstructed image,"hnRNPC, Nuclear Pore Complex, DAPI"
Rep1_HNRNPC_NUP,AC16_Rep1_18d5h_HNRNPC488_NUP594_14_SIR_THR_ALN.tif,Homo sapiens,NCBITaxon,9606,AC16,,,18°C 5h,3D-SIM,Rep1,Reconstructed image,"hnRNPC, Nuclear Pore Complex, DAPI"
Rep1_HNRNPC_NUP,AC16_Rep1_18d5h_HNRNPC488_NUP594_15_SIR_THR_ALN.tif,Homo sapiens,NCBITaxon,9606,AC16,,,18°C 5h,3D-SIM,Rep1,Reconstructed image,"hnRNPC, Nuclear Pore Complex, DAPI"
Rep1_HNRNPC_NUP,AC16_Rep1_18d5h_HNRNPC488_NUP594_16_SIR_THR_ALN.tif,Homo sapiens,NCBITaxon,9606,AC16,,,18°C 5h,3D-SIM,Rep1,Reconstructed image,"hnRNPC, Nuclear Pore Complex, DAPI"
Rep1_HNRNPC_NUP,AC16_Rep1_18d5h_HNRNPC488_NUP594_17_SIR_THR_ALN.tif,Homo sapiens,NCBITaxon,9606,AC16,,,18°C 5h,3D-SIM,Rep1,Reconstructed image,"hnRNPC, Nuclear Pore Complex, DAPI"
Rep1_HNRNPC_NUP,AC16_Rep1_18d5h_HNRNPC488_NUP594_18_SIR_THR_ALN.tif,Homo sapiens,NCBITaxon,9606,AC16,,,18°C 5h,3D-SIM,Rep1,Reconstructed image,"hnRNPC, Nuclear Pore Complex, DAPI"
Rep1_HNRNPC_NUP,AC16_Rep1_18d5h_HNRNPC488_NUP594_19_SIR_THR_ALN.tif,Homo sapiens,NCBITaxon,9606,AC16,,,18°C 5h,3D-SIM,Rep1,Reconstructed image,"hnRNPC, Nuclear Pore Complex, DAPI"
Rep1_HNRNPC_NUP,AC16_Rep1_28d24h_HNRNPC488_NUP594_01_SIR_THR_ALN.tif,Homo sapiens,NCBITaxon,9606,AC16,,,28°C 24h,3D-SIM,Rep1,Reconstructed image,"hnRNPC, Nuclear Pore Complex, DAPI"
Rep1_HNRNPC_NUP,AC16_Rep1_28d24h_HNRNPC488_NUP594_02_SIR_THR_ALN.tif,Homo sapiens,NCBITaxon,9606,AC16,,,28°C 24h,3D-SIM,Rep1,Reconstructed image,"hnRNPC, Nuclear Pore Complex, DAPI"
Rep1_HNRNPC_NUP,AC16_Rep1_28d24h_HNRNPC488_NUP594_03_SIR_THR_ALN.tif,Homo sapiens,NCBITaxon,9606,AC16,,,28°C 24h,3D-SIM,Rep1,Reconstructed image,"hnRNPC, Nuclear Pore Complex, DAPI"
Rep1_HNRNPC_NUP,AC16_Rep1_28d24h_HNRNPC488_NUP594_04_SIR_THR_ALN.tif,Homo sapiens,NCBITaxon,9606,AC16,,,28°C 24h,3D-SIM,Rep1,Reconstructed image,"hnRNPC, Nuclear Pore Complex, DAPI"
Rep1_HNRNPC_NUP,AC16_Rep1_28d24h_HNRNPC488_NUP594_05_SIR_THR_ALN.tif,Homo sapiens,NCBITaxon,9606,AC16,,,28°C 24h,3D-SIM,Rep1,Reconstructed image,"hnRNPC, Nuclear Pore Complex, DAPI"
Rep1_HNRNPC_NUP,AC16_Rep1_28d24h_HNRNPC488_NUP594_06_SIR_THR_ALN.tif,Homo sapiens,NCBITaxon,9606,AC16,,,28°C 24h,3D-SIM,Rep1,Reconstructed image,"hnRNPC, Nuclear Pore Complex, DAPI"
Rep1_HNRNPC_NUP,AC16_Rep1_28d24h_HNRNPC488_NUP594_07_SIR_THR_ALN.tif,Homo sapiens,NCBITaxon,9606,AC16,,,28°C 24h,3D-SIM,Rep1,Reconstructed image,"hnRNPC, Nuclear Pore Complex, DAPI"
Rep1_HNRNPC_NUP,AC16_Rep1_28d24h_HNRNPC488_NUP594_08_SIR_THR_ALN.tif,Homo sapiens,NCBITaxon,9606,AC16,,,28°C 24h,3D-SIM,Rep1,Reconstructed image,"hnRNPC, Nuclear Pore Complex, DAPI"
Rep1_HNRNPC_NUP,AC16_Rep1_28d24h_HNRNPC488_NUP594_09_SIR_THR_ALN.tif,Homo sapiens,NCBITaxon,9606,AC16,,,28°C 24h,3D-SIM,Rep1,Reconstructed image,"hnRNPC, Nuclear Pore Complex, DAPI"
Rep1_HNRNPC_NUP,AC16_Rep1_28d24h_HNRNPC488_NUP594_10_SIR_THR_ALN.tif,Homo sapiens,NCBITaxon,9606,AC16,,,28°C 24h,3D-SIM,Rep1,Reconstructed image,"hnRNPC, Nuclear Pore Complex, DAPI"
Rep1_HNRNPC_NUP,AC16_Rep1_28d24h_HNRNPC488_NUP594_11_SIR_THR_ALN.tif,Homo sapiens,NCBITaxon,9606,AC16,,,28°C 24h,3D-SIM,Rep1,Reconstructed image,"hnRNPC, Nuclear Pore Complex, DAPI"
Rep1_HNRNPC_NUP,AC16_Rep1_28d24h_HNRNPC488_NUP594_12_SIR_THR_ALN.tif,Homo sapiens,NCBITaxon,9606,AC16,,,28°C 24h,3D-SIM,Rep1,Reconstructed image,"hnRNPC, Nuclear Pore Complex, DAPI"
Rep1_HNRNPC_NUP,AC16_Rep1_28d24h_HNRNPC488_NUP594_13_SIR_THR_ALN.tif,Homo sapiens,NCBITaxon,9606,AC16,,,28°C 24h,3D-SIM,Rep1,Reconstructed image,"hnRNPC, Nuclear Pore Complex, DAPI"
Rep1_HNRNPC_NUP,AC16_Rep1_28d24h_HNRNPC488_NUP594_14_SIR_THR_ALN.tif,Homo sapiens,NCBITaxon,9606,AC16,,,28°C 24h,3D-SIM,Rep1,Reconstructed image,"hnRNPC, Nuclear Pore Complex, DAPI"
Rep1_HNRNPC_NUP,AC16_Rep1_28d24h_HNRNPC488_NUP594_15_SIR_THR_ALN.tif,Homo sapiens,NCBITaxon,9606,AC16,,,28°C 24h,3D-SIM,Rep1,Reconstructed image,"hnRNPC, Nuclear Pore Complex, DAPI"
Rep1_HNRNPC_NUP,AC16_Rep1_28d24h_HNRNPC488_NUP594_16_SIR_THR_ALN.tif,Homo sapiens,NCBITaxon,9606,AC16,,,28°C 24h,3D-SIM,Rep1,Reconstructed image,"hnRNPC, Nuclear Pore Complex, DAPI"
Rep1_HNRNPC_NUP,AC16_Rep1_28d24h_HNRNPC488_NUP594_17_SIR_THR_ALN.tif,Homo sapiens,NCBITaxon,9606,AC16,,,28°C 24h,3D-SIM,Rep1,Reconstructed image,"hnRNPC, Nuclear Pore Complex, DAPI"
Rep1_HNRNPC_NUP,AC16_Rep1_28d24h_HNRNPC488_NUP594_18_SIR_THR_ALN.tif,Homo sapiens,NCBITaxon,9606,AC16,,,28°C 24h,3D-SIM,Rep1,Reconstructed image,"hnRNPC, Nuclear Pore Complex, DAPI"
Rep1_HNRNPC_NUP,AC16_Rep1_28d24h_HNRNPC488_NUP594_19_SIR_THR_ALN.tif,Homo sapiens,NCBITaxon,9606,AC16,,,28°C 24h,3D-SIM,Rep1,Reconstructed image,"hnRNPC, Nuclear Pore Complex, DAPI"
Rep1_HNRNPC_NUP,AC16_Rep1_28d24h_HNRNPC488_NUP594_20_SIR_THR_ALN.tif,Homo sapiens,NCBITaxon,9606,AC16,,,28°C 24h,3D-SIM,Rep1,Reconstructed image,"hnRNPC, Nuclear Pore Complex, DAPI"
Rep1_HNRNPC_NUP,AC16_Rep1_28d24h_HNRNPC488_NUP594_21_SIR_THR_ALN.tif,Homo sapiens,NCBITaxon,9606,AC16,,,28°C 24h,3D-SIM,Rep1,Reconstructed image,"hnRNPC, Nuclear Pore Complex, DAPI"
Rep1_HNRNPC_NUP,AC16_Rep1_28d24h_HNRNPC488_NUP594_22_SIR_THR_ALN.tif,Homo sapiens,NCBITaxon,9606,AC16,,,28°C 24h,3D-SIM,Rep1,Reconstructed image,"hnRNPC, Nuclear Pore Complex, DAPI"
Rep1_HNRNPC_NUP,AC16_Rep1_28d24h_HNRNPC488_NUP594_23_SIR_THR_ALN.tif,Homo sapiens,NCBITaxon,9606,AC16,,,28°C 24h,3D-SIM,Rep1,Reconstructed image,"hnRNPC, Nuclear Pore Complex, DAPI"
Rep1_HNRNPC_NUP,AC16_Rep1_28d24h_HNRNPC488_NUP594_24_SIR_THR_ALN.tif,Homo sapiens,NCBITaxon,9606,AC16,,,28°C 24h,3D-SIM,Rep1,Reconstructed image,"hnRNPC, Nuclear Pore Complex, DAPI"
Rep1_HNRNPC_NUP,AC16_Rep1_28d24h_HNRNPC488_NUP594_25_SIR_THR_ALN.tif,Homo sapiens,NCBITaxon,9606,AC16,,,28°C 24h,3D-SIM,Rep1,Reconstructed image,"hnRNPC, Nuclear Pore Complex, DAPI"
Rep1_HNRNPC_NUP,AC16_Rep1_28d24h_HNRNPC488_NUP594_26_SIR_THR_ALN.tif,Homo sapiens,NCBITaxon,9606,AC16,,,28°C 24h,3D-SIM,Rep1,Reconstructed image,"hnRNPC, Nuclear Pore Complex, DAPI"
Rep1_HNRNPC_NUP,AC16_Rep1_37d_HNRNPC488_NUP594_01_SIR_THR_ALN.tif,Homo sapiens,NCBITaxon,9606,AC16,,,37°C ,3D-SIM,Rep1,Reconstructed image,"hnRNPC, Nuclear Pore Complex, DAPI"
Rep1_HNRNPC_NUP,AC16_Rep1_37d_HNRNPC488_NUP594_02_SIR_THR_ALN.tif,Homo sapiens,NCBITaxon,9606,AC16,,,37°C ,3D-SIM,Rep1,Reconstructed image,"hnRNPC, Nuclear Pore Complex, DAPI"
Rep1_HNRNPC_NUP,AC16_Rep1_37d_HNRNPC488_NUP594_03_SIR_THR_ALN.tif,Homo sapiens,NCBITaxon,9606,AC16,,,37°C ,3D-SIM,Rep1,Reconstructed image,"hnRNPC, Nuclear Pore Complex, DAPI"
Rep1_HNRNPC_NUP,AC16_Rep1_37d_HNRNPC488_NUP594_04_SIR_THR_ALN.tif,Homo sapiens,NCBITaxon,9606,AC16,,,37°C ,3D-SIM,Rep1,Reconstructed image,"hnRNPC, Nuclear Pore Complex, DAPI"
Rep1_HNRNPC_NUP,AC16_Rep1_37d_HNRNPC488_NUP594_05_SIR_THR_ALN.tif,Homo sapiens,NCBITaxon,9606,AC16,,,37°C ,3D-SIM,Rep1,Reconstructed image,"hnRNPC, Nuclear Pore Complex, DAPI"
Rep1_HNRNPC_NUP,AC16_Rep1_37d_HNRNPC488_NUP594_06_SIR_THR_ALN.tif,Homo sapiens,NCBITaxon,9606,AC16,,,37°C ,3D-SIM,Rep1,Reconstructed image,"hnRNPC, Nuclear Pore Complex, DAPI"
Rep1_HNRNPC_NUP,AC16_Rep1_37d_HNRNPC488_NUP594_07_SIR_THR_ALN.tif,Homo sapiens,NCBITaxon,9606,AC16,,,37°C ,3D-SIM,Rep1,Reconstructed image,"hnRNPC, Nuclear Pore Complex, DAPI"
Rep1_HNRNPC_NUP,AC16_Rep1_37d_HNRNPC488_NUP594_08_SIR_THR_ALN.tif,Homo sapiens,NCBITaxon,9606,AC16,,,37°C ,3D-SIM,Rep1,Reconstructed image,"hnRNPC, Nuclear Pore Complex, DAPI"
Rep1_HNRNPC_NUP,AC16_Rep1_37d_HNRNPC488_NUP594_09_SIR_THR_ALN.tif,Homo sapiens,NCBITaxon,9606,AC16,,,37°C ,3D-SIM,Rep1,Reconstructed image,"hnRNPC, Nuclear Pore Complex, DAPI"
Rep1_HNRNPC_NUP,AC16_Rep1_37d_HNRNPC488_NUP594_10_SIR_THR_ALN.tif,Homo sapiens,NCBITaxon,9606,AC16,,,37°C ,3D-SIM,Rep1,Reconstructed image,"hnRNPC, Nuclear Pore Complex, DAPI"
Rep1_HNRNPC_NUP,AC16_Rep1_37d_HNRNPC488_NUP594_11_SIR_THR_ALN.tif,Homo sapiens,NCBITaxon,9606,AC16,,,37°C ,3D-SIM,Rep1,Reconstructed image,"hnRNPC, Nuclear Pore Complex, DAPI"
Rep1_HNRNPC_NUP,AC16_Rep1_37d_HNRNPC488_NUP594_12_SIR_THR_ALN.tif,Homo sapiens,NCBITaxon,9606,AC16,,,37°C ,3D-SIM,Rep1,Reconstructed image,"hnRNPC, Nuclear Pore Complex, DAPI"
Rep1_HNRNPC_NUP,AC16_Rep1_37d_HNRNPC488_NUP594_13_SIR_THR_ALN.tif,Homo sapiens,NCBITaxon,9606,AC16,,,37°C ,3D-SIM,Rep1,Reconstructed image,"hnRNPC, Nuclear Pore Complex, DAPI"
Rep1_HNRNPC_NUP,AC16_Rep1_37d_HNRNPC488_NUP594_14_SIR_THR_ALN.tif,Homo sapiens,NCBITaxon,9606,AC16,,,37°C ,3D-SIM,Rep1,Reconstructed image,"hnRNPC, Nuclear Pore Complex, DAPI"
Rep1_HNRNPC_NUP,AC16_Rep1_37d_HNRNPC488_NUP594_15_SIR_THR_ALN.tif,Homo sapiens,NCBITaxon,9606,AC16,,,37°C ,3D-SIM,Rep1,Reconstructed image,"hnRNPC, Nuclear Pore Complex, DAPI"
Rep1_HNRNPC_NUP,AC16_Rep1_37d_HNRNPC488_NUP594_16_SIR_THR_ALN.tif,Homo sapiens,NCBITaxon,9606,AC16,,,37°C ,3D-SIM,Rep1,Reconstructed image,"hnRNPC, Nuclear Pore Complex, DAPI"
Rep1_HNRNPC_NUP,AC16_Rep1_37d_HNRNPC488_NUP594_17_SIR_THR_ALN.tif,Homo sapiens,NCBITaxon,9606,AC16,,,37°C ,3D-SIM,Rep1,Reconstructed image,"hnRNPC, Nuclear Pore Complex, DAPI"
Rep1_HNRNPC_NUP,AC16_Rep1_37d_HNRNPC488_NUP594_18_SIR_THR_ALN.tif,Homo sapiens,NCBITaxon,9606,AC16,,,37°C ,3D-SIM,Rep1,Reconstructed image,"hnRNPC, Nuclear Pore Complex, DAPI"
Rep1_HNRNPC_NUP,AC16_Rep1_37d_HNRNPC488_NUP594_19_SIR_THR_ALN.tif,Homo sapiens,NCBITaxon,9606,AC16,,,37°C ,3D-SIM,Rep1,Reconstructed image,"hnRNPC, Nuclear Pore Complex, DAPI"
Rep1_HNRNPC_NUP,AC16_Rep1_37d_HNRNPC488_NUP594_20_SIR_THR_ALN.tif,Homo sapiens,NCBITaxon,9606,AC16,,,37°C ,3D-SIM,Rep1,Reconstructed image,"hnRNPC, Nuclear Pore Complex, DAPI"
Rep1_HNRNPC_NUP,AC16_Rep1_37d_HNRNPC488_NUP594_21_SIR_THR_ALN.tif,Homo sapiens,NCBITaxon,9606,AC16,,,37°C ,3D-SIM,Rep1,Reconstructed image,"hnRNPC, Nuclear Pore Complex, DAPI"
Rep1_HNRNPC_NUP,AC16_Rep1_37d_HNRNPC488_NUP594_22_SIR_THR_ALN.tif,Homo sapiens,NCBITaxon,9606,AC16,,,37°C ,3D-SIM,Rep1,Reconstructed image,"hnRNPC, Nuclear Pore Complex, DAPI"
Rep1_HNRNPC_NUP,AC16_Rep1_37d_HNRNPC488_NUP594_23_SIR_THR_ALN.tif,Homo sapiens,NCBITaxon,9606,AC16,,,37°C ,3D-SIM,Rep1,Reconstructed image,"hnRNPC, Nuclear Pore Complex, DAPI"
Rep1_HNRNPC_NUP,AC16_Rep1_37d_HNRNPC488_NUP594_24_SIR_THR_ALN.tif,Homo sapiens,NCBITaxon,9606,AC16,,,37°C ,3D-SIM,Rep1,Reconstructed image,"hnRNPC, Nuclear Pore Complex, DAPI"
Rep1_HNRNPC_NUP,AC16_Rep1_37d_HNRNPC488_NUP594_25_SIR_THR_ALN.tif,Homo sapiens,NCBITaxon,9606,AC16,,,37°C ,3D-SIM,Rep1,Reconstructed image,"hnRNPC, Nuclear Pore Complex, DAPI"
Rep1_HNRNPC_NUP,AC16_Rep1_37d_HNRNPC488_NUP594_26_SIR_THR_ALN.tif,Homo sapiens,NCBITaxon,9606,AC16,,,37°C ,3D-SIM,Rep1,Reconstructed image,"hnRNPC, Nuclear Pore Complex, DAPI"
Rep1_HNRNPC_NUP,AC16_Rep1_37d_HNRNPC488_NUP594_27_SIR_THR_ALN.tif,Homo sapiens,NCBITaxon,9606,AC16,,,37°C ,3D-SIM,Rep1,Reconstructed image,"hnRNPC, Nuclear Pore Complex, DAPI"
Rep1_HNRNPC_NUP,AC16_Rep1_37d_HNRNPC488_NUP594_28_SIR_THR_ALN.tif,Homo sapiens,NCBITaxon,9606,AC16,,,37°C ,3D-SIM,Rep1,Reconstructed image,"hnRNPC, Nuclear Pore Complex, DAPI"
Rep1_HNRNPC_NUP,AC16_Rep1_37d_HNRNPC488_NUP594_29_SIR_THR_ALN.tif,Homo sapiens,NCBITaxon,9606,AC16,,,37°C ,3D-SIM,Rep1,Reconstructed image,"hnRNPC, Nuclear Pore Complex, DAPI"
Rep1_HNRNPC_NUP,AC16_Rep1_37d_HNRNPC488_NUP594_30_SIR_THR_ALN.tif,Homo sapiens,NCBITaxon,9606,AC16,,,37°C ,3D-SIM,Rep1,Reconstructed image,"hnRNPC, Nuclear Pore Complex, DAPI"
Rep1_HNRNPC_NUP,AC16_Rep1_37d_HNRNPC488_NUP594_31_SIR_THR_ALN.tif,Homo sapiens,NCBITaxon,9606,AC16,,,37°C ,3D-SIM,Rep1,Reconstructed image,"hnRNPC, Nuclear Pore Complex, DAPI"
Rep1_HNRNPC_NUP,AC16_Rep1_8d24h_HNRNPC488_NUP594_01_SIR_THR_ALN.tif,Homo sapiens,NCBITaxon,9606,AC16,,,8°C 24h,3D-SIM,Rep1,Reconstructed image,"hnRNPC, Nuclear Pore Complex, DAPI"
Rep1_HNRNPC_NUP,AC16_Rep1_8d24h_HNRNPC488_NUP594_02_SIR_THR_ALN.tif,Homo sapiens,NCBITaxon,9606,AC16,,,8°C 24h,3D-SIM,Rep1,Reconstructed image,"hnRNPC, Nuclear Pore Complex, DAPI"
Rep1_HNRNPC_NUP,AC16_Rep1_8d24h_HNRNPC488_NUP594_03_SIR_THR_ALN.tif,Homo sapiens,NCBITaxon,9606,AC16,,,8°C 24h,3D-SIM,Rep1,Reconstructed image,"hnRNPC, Nuclear Pore Complex, DAPI"
Rep1_HNRNPC_NUP,AC16_Rep1_8d24h_HNRNPC488_NUP594_04_SIR_THR_ALN.tif,Homo sapiens,NCBITaxon,9606,AC16,,,8°C 24h,3D-SIM,Rep1,Reconstructed image,"hnRNPC, Nuclear Pore Complex, DAPI"
Rep1_HNRNPC_NUP,AC16_Rep1_8d24h_HNRNPC488_NUP594_05_SIR_THR_ALN.tif,Homo sapiens,NCBITaxon,9606,AC16,,,8°C 24h,3D-SIM,Rep1,Reconstructed image,"hnRNPC, Nuclear Pore Complex, DAPI"
Rep1_HNRNPC_NUP,AC16_Rep1_8d24h_HNRNPC488_NUP594_06_SIR_THR_ALN.tif,Homo sapiens,NCBITaxon,9606,AC16,,,8°C 24h,3D-SIM,Rep1,Reconstructed image,"hnRNPC, Nuclear Pore Complex, DAPI"
Rep1_HNRNPC_NUP,AC16_Rep1_8d24h_HNRNPC488_NUP594_07_SIR_THR_ALN.tif,Homo sapiens,NCBITaxon,9606,AC16,,,8°C 24h,3D-SIM,Rep1,Reconstructed image,"hnRNPC, Nuclear Pore Complex, DAPI"
Rep1_HNRNPC_NUP,AC16_Rep1_8d24h_HNRNPC488_NUP594_08_SIR_THR_ALN.tif,Homo sapiens,NCBITaxon,9606,AC16,,,8°C 24h,3D-SIM,Rep1,Reconstructed image,"hnRNPC, Nuclear Pore Complex, DAPI"
Rep1_HNRNPC_NUP,AC16_Rep1_8d24h_HNRNPC488_NUP594_09_SIR_THR_ALN.tif,Homo sapiens,NCBITaxon,9606,AC16,,,8°C 24h,3D-SIM,Rep1,Reconstructed image,"hnRNPC, Nuclear Pore Complex, DAPI"
Rep1_HNRNPC_NUP,AC16_Rep1_8d24h_HNRNPC488_NUP594_10_SIR_THR_ALN.tif,Homo sapiens,NCBITaxon,9606,AC16,,,8°C 24h,3D-SIM,Rep1,Reconstructed image,"hnRNPC, Nuclear Pore Complex, DAPI"
Rep1_HNRNPC_NUP,AC16_Rep1_8d24h_HNRNPC488_NUP594_11_SIR_THR_ALN.tif,Homo sapiens,NCBITaxon,9606,AC16,,,8°C 24h,3D-SIM,Rep1,Reconstructed image,"hnRNPC, Nuclear Pore Complex, DAPI"
Rep1_HNRNPC_NUP,AC16_Rep1_8d24h_HNRNPC488_NUP594_12_SIR_THR_ALN.tif,Homo sapiens,NCBITaxon,9606,AC16,,,8°C 24h,3D-SIM,Rep1,Reconstructed image,"hnRNPC, Nuclear Pore Complex, DAPI"
Rep1_HNRNPC_NUP,AC16_Rep1_8d24h_HNRNPC488_NUP594_13_SIR_THR_ALN.tif,Homo sapiens,NCBITaxon,9606,AC16,,,8°C 24h,3D-SIM,Rep1,Reconstructed image,"hnRNPC, Nuclear Pore Complex, DAPI"
Rep1_HNRNPC_NUP,AC16_Rep1_8d24h_HNRNPC488_NUP594_14_SIR_THR_ALN.tif,Homo sapiens,NCBITaxon,9606,AC16,,,8°C 24h,3D-SIM,Rep1,Reconstructed image,"hnRNPC, Nuclear Pore Complex, DAPI"
Rep1_HNRNPC_NUP,AC16_Rep1_8d24h_HNRNPC488_NUP594_15_SIR_THR_ALN.tif,Homo sapiens,NCBITaxon,9606,AC16,,,8°C 24h,3D-SIM,Rep1,Reconstructed image,"hnRNPC, Nuclear Pore Complex, DAPI"
Rep1_HNRNPC_NUP,AC16_Rep1_8d24h_HNRNPC488_NUP594_16_SIR_THR_ALN.tif,Homo sapiens,NCBITaxon,9606,AC16,,,8°C 24h,3D-SIM,Rep1,Reconstructed image,"hnRNPC, Nuclear Pore Complex, DAPI"
Rep1_HNRNPC_NUP,AC16_Rep1_8d24h_HNRNPC488_NUP594_17_SIR_THR_ALN.tif,Homo sapiens,NCBITaxon,9606,AC16,,,8°C 24h,3D-SIM,Rep1,Reconstructed image,"hnRNPC, Nuclear Pore Complex, DAPI"
Rep1_HNRNPC_NUP,AC16_Rep1_8d24h_HNRNPC488_NUP594_18_SIR_THR_ALN.tif,Homo sapiens,NCBITaxon,9606,AC16,,,8°C 24h,3D-SIM,Rep1,Reconstructed image,"hnRNPC, Nuclear Pore Complex, DAPI"
Rep1_HNRNPC_NUP,AC16_Rep1_8d24h_HNRNPC488_NUP594_19_SIR_THR_ALN.tif,Homo sapiens,NCBITaxon,9606,AC16,,,8°C 24h,3D-SIM,Rep1,Reconstructed image,"hnRNPC, Nuclear Pore Complex, DAPI"
Rep1_HNRNPC_NUP,AC16_Rep1_8d24h_HNRNPC488_NUP594_20_SIR_THR_ALN.tif,Homo sapiens,NCBITaxon,9606,AC16,,,8°C 24h,3D-SIM,Rep1,Reconstructed image,"hnRNPC, Nuclear Pore Complex, DAPI"
Rep1_HNRNPC_NUP,AC16_Rep1_8d24h_HNRNPC488_NUP594_21_SIR_THR_ALN.tif,Homo sapiens,NCBITaxon,9606,AC16,,,8°C 24h,3D-SIM,Rep1,Reconstructed image,"hnRNPC, Nuclear Pore Complex, DAPI"
Rep1_HNRNPC_NUP,AC16_Rep1_8d24h_HNRNPC488_NUP594_22_SIR_THR_ALN.tif,Homo sapiens,NCBITaxon,9606,AC16,,,8°C 24h,3D-SIM,Rep1,Reconstructed image,"hnRNPC, Nuclear Pore Complex, DAPI"
Rep1_HNRNPC_NUP,AC16_Rep1_8d24h_HNRNPC488_NUP594_23_SIR_THR_ALN.tif,Homo sapiens,NCBITaxon,9606,AC16,,,8°C 24h,3D-SIM,Rep1,Reconstructed image,"hnRNPC, Nuclear Pore Complex, DAPI"
Rep2_HNRNPC_NUP,AC16_Rep2_18d24h_HNRNPC488_NUP594_01_SIR_THR_ALN.tif,Homo sapiens,NCBITaxon,9606,AC16,,,18°C 24h,3D-SIM,Rep2,Reconstructed image,"hnRNPC, Nuclear Pore Complex, DAPI"
Rep2_HNRNPC_NUP,AC16_Rep2_18d24h_HNRNPC488_NUP594_02_SIR_THR_ALN.tif,Homo sapiens,NCBITaxon,9606,AC16,,,18°C 24h,3D-SIM,Rep2,Reconstructed image,"hnRNPC, Nuclear Pore Complex, DAPI"
Rep2_HNRNPC_NUP,AC16_Rep2_18d24h_HNRNPC488_NUP594_03_SIR_THR_ALN.tif,Homo sapiens,NCBITaxon,9606,AC16,,,18°C 24h,3D-SIM,Rep2,Reconstructed image,"hnRNPC, Nuclear Pore Complex, DAPI"
Rep2_HNRNPC_NUP,AC16_Rep2_18d24h_HNRNPC488_NUP594_04_SIR_THR_ALN.tif,Homo sapiens,NCBITaxon,9606,AC16,,,18°C 24h,3D-SIM,Rep2,Reconstructed image,"hnRNPC, Nuclear Pore Complex, DAPI"
Rep2_HNRNPC_NUP,AC16_Rep2_18d24h_HNRNPC488_NUP594_05_SIR_THR_ALN.tif,Homo sapiens,NCBITaxon,9606,AC16,,,18°C 24h,3D-SIM,Rep2,Reconstructed image,"hnRNPC, Nuclear Pore Complex, DAPI"
Rep2_HNRNPC_NUP,AC16_Rep2_18d24h_HNRNPC488_NUP594_06_SIR_THR_ALN.tif,Homo sapiens,NCBITaxon,9606,AC16,,,18°C 24h,3D-SIM,Rep2,Reconstructed image,"hnRNPC, Nuclear Pore Complex, DAPI"
Rep2_HNRNPC_NUP,AC16_Rep2_18d24h_HNRNPC488_NUP594_07_SIR_THR_ALN.tif,Homo sapiens,NCBITaxon,9606,AC16,,,18°C 24h,3D-SIM,Rep2,Reconstructed image,"hnRNPC, Nuclear Pore Complex, DAPI"
Rep2_HNRNPC_NUP,AC16_Rep2_18d24h_HNRNPC488_NUP594_08_SIR_THR_ALN.tif,Homo sapiens,NCBITaxon,9606,AC16,,,18°C 24h,3D-SIM,Rep2,Reconstructed image,"hnRNPC, Nuclear Pore Complex, DAPI"
Rep2_HNRNPC_NUP,AC16_Rep2_18d24h_HNRNPC488_NUP594_09_SIR_THR_ALN.tif,Homo sapiens,NCBITaxon,9606,AC16,,,18°C 24h,3D-SIM,Rep2,Reconstructed image,"hnRNPC, Nuclear Pore Complex, DAPI"
Rep2_HNRNPC_NUP,AC16_Rep2_18d24h_HNRNPC488_NUP594_10_SIR_THR_ALN.tif,Homo sapiens,NCBITaxon,9606,AC16,,,18°C 24h,3D-SIM,Rep2,Reconstructed image,"hnRNPC, Nuclear Pore Complex, DAPI"
Rep2_HNRNPC_NUP,AC16_Rep2_18d24h_HNRNPC488_NUP594_11_SIR_THR_ALN.tif,Homo sapiens,NCBITaxon,9606,AC16,,,18°C 24h,3D-SIM,Rep2,Reconstructed image,"hnRNPC, Nuclear Pore Complex, DAPI"
Rep2_HNRNPC_NUP,AC16_Rep2_18d24h_HNRNPC488_NUP594_12_SIR_THR_ALN.tif,Homo sapiens,NCBITaxon,9606,AC16,,,18°C 24h,3D-SIM,Rep2,Reconstructed image,"hnRNPC, Nuclear Pore Complex, DAPI"
Rep2_POLS2P_H3K9M,AC16_Rep2_18d24h_POLS2P488_H3K9M594_01_SIR_THR_ALN.tif,Homo sapiens,NCBITaxon,9606,AC16,,,18°C 24h,3D-SIM,Rep2,Reconstructed image,"RNAPol2Ser2P, H3K9me3, DAPI"
Rep2_POLS2P_H3K9M,AC16_Rep2_18d24h_POLS2P488_H3K9M594_02_SIR_THR_ALN.tif,Homo sapiens,NCBITaxon,9606,AC16,,,18°C 24h,3D-SIM,Rep2,Reconstructed image,"RNAPol2Ser2P, H3K9me3, DAPI"
Rep2_POLS2P_H3K9M,AC16_Rep2_18d24h_POLS2P488_H3K9M594_03_SIR_THR_ALN.tif,Homo sapiens,NCBITaxon,9606,AC16,,,18°C 24h,3D-SIM,Rep2,Reconstructed image,"RNAPol2Ser2P, H3K9me3, DAPI"
Rep2_POLS2P_H3K9M,AC16_Rep2_18d24h_POLS2P488_H3K9M594_04_SIR_THR_ALN.tif,Homo sapiens,NCBITaxon,9606,AC16,,,18°C 24h,3D-SIM,Rep2,Reconstructed image,"RNAPol2Ser2P, H3K9me3, DAPI"
Rep2_POLS2P_H3K9M,AC16_Rep2_18d24h_POLS2P488_H3K9M594_05_SIR_THR_ALN.tif,Homo sapiens,NCBITaxon,9606,AC16,,,18°C 24h,3D-SIM,Rep2,Reconstructed image,"RNAPol2Ser2P, H3K9me3, DAPI"
Rep2_POLS2P_H3K9M,AC16_Rep2_18d24h_POLS2P488_H3K9M594_06_SIR_THR_ALN.tif,Homo sapiens,NCBITaxon,9606,AC16,,,18°C 24h,3D-SIM,Rep2,Reconstructed image,"RNAPol2Ser2P, H3K9me3, DAPI"
Rep2_POLS2P_H3K9M,AC16_Rep2_18d24h_POLS2P488_H3K9M594_07_SIR_THR_ALN.tif,Homo sapiens,NCBITaxon,9606,AC16,,,18°C 24h,3D-SIM,Rep2,Reconstructed image,"RNAPol2Ser2P, H3K9me3, DAPI"
Rep2_POLS2P_H3K9M,AC16_Rep2_18d24h_POLS2P488_H3K9M594_08_SIR_THR_ALN.tif,Homo sapiens,NCBITaxon,9606,AC16,,,18°C 24h,3D-SIM,Rep2,Reconstructed image,"RNAPol2Ser2P, H3K9me3, DAPI"
Rep2_POLS2P_H3K9M,AC16_Rep2_18d24h_POLS2P488_H3K9M594_09_SIR_THR_ALN.tif,Homo sapiens,NCBITaxon,9606,AC16,,,18°C 24h,3D-SIM,Rep2,Reconstructed image,"RNAPol2Ser2P, H3K9me3, DAPI"
Rep2_POLS2P_H3K9M,AC16_Rep2_18d24h_POLS2P488_H3K9M594_10_SIR_THR_ALN.tif,Homo sapiens,NCBITaxon,9606,AC16,,,18°C 24h,3D-SIM,Rep2,Reconstructed image,"RNAPol2Ser2P, H3K9me3, DAPI"
Rep2_POLS2P_H3K9M,AC16_Rep2_18d24h_POLS2P488_H3K9M594_11_SIR_THR_ALN.tif,Homo sapiens,NCBITaxon,9606,AC16,,,18°C 24h,3D-SIM,Rep2,Reconstructed image,"RNAPol2Ser2P, H3K9me3, DAPI"
Rep2_POLS2P_H3K9M,AC16_Rep2_18d24h_POLS2P488_H3K9M594_12_SIR_THR_ALN.tif,Homo sapiens,NCBITaxon,9606,AC16,,,18°C 24h,3D-SIM,Rep2,Reconstructed image,"RNAPol2Ser2P, H3K9me3, DAPI"
Rep2_H3K4M_H3K27M,AC16_Rep2_18d24h_H3K4M488_H3K27M594_01_SIR_THR_ALN.tif,Homo sapiens,NCBITaxon,9606,AC16,,,18°C 24h,3D-SIM,Rep2,Reconstructed image,"H3K4me3, H3K27me3, DAPI"
Rep2_H3K4M_H3K27M,AC16_Rep2_18d24h_H3K4M488_H3K27M594_02_SIR_THR_ALN.tif,Homo sapiens,NCBITaxon,9606,AC16,,,18°C 24h,3D-SIM,Rep2,Reconstructed image,"H3K4me3, H3K27me3, DAPI"
Rep2_H3K4M_H3K27M,AC16_Rep2_18d24h_H3K4M488_H3K27M594_03_SIR_THR_ALN.tif,Homo sapiens,NCBITaxon,9606,AC16,,,18°C 24h,3D-SIM,Rep2,Reconstructed image,"H3K4me3, H3K27me3, DAPI"
Rep2_H3K4M_H3K27M,AC16_Rep2_18d24h_H3K4M488_H3K27M594_04_SIR_THR_ALN.tif,Homo sapiens,NCBITaxon,9606,AC16,,,18°C 24h,3D-SIM,Rep2,Reconstructed image,"H3K4me3, H3K27me3, DAPI"
Rep2_H3K4M_H3K27M,AC16_Rep2_18d24h_H3K4M488_H3K27M594_05_SIR_THR_ALN.tif,Homo sapiens,NCBITaxon,9606,AC16,,,18°C 24h,3D-SIM,Rep2,Reconstructed image,"H3K4me3, H3K27me3, DAPI"
Rep2_H3K4M_H3K27M,AC16_Rep2_18d24h_H3K4M488_H3K27M594_06_SIR_THR_ALN.tif,Homo sapiens,NCBITaxon,9606,AC16,,,18°C 24h,3D-SIM,Rep2,Reconstructed image,"H3K4me3, H3K27me3, DAPI"
Rep2_H3K4M_H3K27M,AC16_Rep2_18d24h_H3K4M488_H3K27M594_07_SIR_THR_ALN.tif,Homo sapiens,NCBITaxon,9606,AC16,,,18°C 24h,3D-SIM,Rep2,Reconstructed image,"H3K4me3, H3K27me3, DAPI"
Rep2_H3K4M_H3K27M,AC16_Rep2_18d24h_H3K4M488_H3K27M594_08_SIR_THR_ALN.tif,Homo sapiens,NCBITaxon,9606,AC16,,,18°C 24h,3D-SIM,Rep2,Reconstructed image,"H3K4me3, H3K27me3, DAPI"
Rep2_H3K4M_H3K27M,AC16_Rep2_18d24h_H3K4M488_H3K27M594_09_SIR_THR_ALN.tif,Homo sapiens,NCBITaxon,9606,AC16,,,18°C 24h,3D-SIM,Rep2,Reconstructed image,"H3K4me3, H3K27me3, DAPI"
Rep2_H3K4M_H3K27M,AC16_Rep2_18d24h_H3K4M488_H3K27M594_10_SIR_THR_ALN.tif,Homo sapiens,NCBITaxon,9606,AC16,,,18°C 24h,3D-SIM,Rep2,Reconstructed image,"H3K4me3, H3K27me3, DAPI"
Rep2_H3K4M_H3K27M,AC16_Rep2_18d24h_H3K4M488_H3K27M594_11_SIR_THR_ALN.tif,Homo sapiens,NCBITaxon,9606,AC16,,,18°C 24h,3D-SIM,Rep2,Reconstructed image,"H3K4me3, H3K27me3, DAPI"
Rep2_H3K4M_H3K27M,AC16_Rep2_18d24h_H3K4M488_H3K27M594_12_SIR_THR_ALN.tif,Homo sapiens,NCBITaxon,9606,AC16,,,18°C 24h,3D-SIM,Rep2,Reconstructed image,"H3K4me3, H3K27me3, DAPI"
Rep2_HNRNPC_NUP,AC16_Rep2_18d24h37d2h_HNRNPC488_NUP594_01_SIR_THR_ALN.tif,Homo sapiens,NCBITaxon,9606,AC16,,,"18°C 24h, 37°C 2h",3D-SIM,Rep2,Reconstructed image,"hnRNPC, Nuclear Pore Complex, DAPI"
Rep2_HNRNPC_NUP,AC16_Rep2_18d24h37d2h_HNRNPC488_NUP594_02_SIR_THR_ALN.tif,Homo sapiens,NCBITaxon,9606,AC16,,,"18°C 24h, 37°C 2h",3D-SIM,Rep2,Reconstructed image,"hnRNPC, Nuclear Pore Complex, DAPI"
Rep2_HNRNPC_NUP,AC16_Rep2_18d24h37d2h_HNRNPC488_NUP594_03_SIR_THR_ALN.tif,Homo sapiens,NCBITaxon,9606,AC16,,,"18°C 24h, 37°C 2h",3D-SIM,Rep2,Reconstructed image,"hnRNPC, Nuclear Pore Complex, DAPI"
Rep2_HNRNPC_NUP,AC16_Rep2_18d24h37d2h_HNRNPC488_NUP594_04_SIR_THR_ALN.tif,Homo sapiens,NCBITaxon,9606,AC16,,,"18°C 24h, 37°C 2h",3D-SIM,Rep2,Reconstructed image,"hnRNPC, Nuclear Pore Complex, DAPI"
Rep2_HNRNPC_NUP,AC16_Rep2_18d24h37d2h_HNRNPC488_NUP594_05_SIR_THR_ALN.tif,Homo sapiens,NCBITaxon,9606,AC16,,,"18°C 24h, 37°C 2h",3D-SIM,Rep2,Reconstructed image,"hnRNPC, Nuclear Pore Complex, DAPI"
Rep2_HNRNPC_NUP,AC16_Rep2_18d24h37d2h_HNRNPC488_NUP594_06_SIR_THR_ALN.tif,Homo sapiens,NCBITaxon,9606,AC16,,,"18°C 24h, 37°C 2h",3D-SIM,Rep2,Reconstructed image,"hnRNPC, Nuclear Pore Complex, DAPI"
Rep2_HNRNPC_NUP,AC16_Rep2_18d24h37d2h_HNRNPC488_NUP594_07_SIR_THR_ALN.tif,Homo sapiens,NCBITaxon,9606,AC16,,,"18°C 24h, 37°C 2h",3D-SIM,Rep2,Reconstructed image,"hnRNPC, Nuclear Pore Complex, DAPI"
Rep2_HNRNPC_NUP,AC16_Rep2_18d24h37d2h_HNRNPC488_NUP594_08_SIR_THR_ALN.tif,Homo sapiens,NCBITaxon,9606,AC16,,,"18°C 24h, 37°C 2h",3D-SIM,Rep2,Reconstructed image,"hnRNPC, Nuclear Pore Complex, DAPI"
Rep2_HNRNPC_NUP,AC16_Rep2_18d24h37d2h_HNRNPC488_NUP594_09_SIR_THR_ALN.tif,Homo sapiens,NCBITaxon,9606,AC16,,,"18°C 24h, 37°C 2h",3D-SIM,Rep2,Reconstructed image,"hnRNPC, Nuclear Pore Complex, DAPI"
Rep2_HNRNPC_NUP,AC16_Rep2_18d24h37d2h_HNRNPC488_NUP594_10_SIR_THR_ALN.tif,Homo sapiens,NCBITaxon,9606,AC16,,,"18°C 24h, 37°C 2h",3D-SIM,Rep2,Reconstructed image,"hnRNPC, Nuclear Pore Complex, DAPI"
Rep2_HNRNPC_NUP,AC16_Rep2_18d24h37d2h_HNRNPC488_NUP594_11_SIR_THR_ALN.tif,Homo sapiens,NCBITaxon,9606,AC16,,,"18°C 24h, 37°C 2h",3D-SIM,Rep2,Reconstructed image,"hnRNPC, Nuclear Pore Complex, DAPI"
Rep2_HNRNPC_NUP,AC16_Rep2_18d24h37d2h_HNRNPC488_NUP594_12_SIR_THR_ALN.tif,Homo sapiens,NCBITaxon,9606,AC16,,,"18°C 24h, 37°C 2h",3D-SIM,Rep2,Reconstructed image,"hnRNPC, Nuclear Pore Complex, DAPI"
Rep2_H3K4M_H3K27M,AC16_Rep2_18d24h37d2h_H3K4M488_H3K27M594_01_SIR_THR_ALN.tif,Homo sapiens,NCBITaxon,9606,AC16,,,"18°C 24h, 37°C 2h",3D-SIM,Rep2,Reconstructed image,"H3K4me3, H3K27me3, DAPI"
Rep2_H3K4M_H3K27M,AC16_Rep2_18d24h37d2h_H3K4M488_H3K27M594_02_SIR_THR_ALN.tif,Homo sapiens,NCBITaxon,9606,AC16,,,"18°C 24h, 37°C 2h",3D-SIM,Rep2,Reconstructed image,"H3K4me3, H3K27me3, DAPI"
Rep2_H3K4M_H3K27M,AC16_Rep2_18d24h37d2h_H3K4M488_H3K27M594_03_SIR_THR_ALN.tif,Homo sapiens,NCBITaxon,9606,AC16,,,"18°C 24h, 37°C 2h",3D-SIM,Rep2,Reconstructed image,"H3K4me3, H3K27me3, DAPI"
Rep2_H3K4M_H3K27M,AC16_Rep2_18d24h37d2h_H3K4M488_H3K27M594_04_SIR_THR_ALN.tif,Homo sapiens,NCBITaxon,9606,AC16,,,"18°C 24h, 37°C 2h",3D-SIM,Rep2,Reconstructed image,"H3K4me3, H3K27me3, DAPI"
Rep2_H3K4M_H3K27M,AC16_Rep2_18d24h37d2h_H3K4M488_H3K27M594_05_SIR_THR_ALN.tif,Homo sapiens,NCBITaxon,9606,AC16,,,"18°C 24h, 37°C 2h",3D-SIM,Rep2,Reconstructed image,"H3K4me3, H3K27me3, DAPI"
Rep2_H3K4M_H3K27M,AC16_Rep2_18d24h37d2h_H3K4M488_H3K27M594_06_SIR_THR_ALN.tif,Homo sapiens,NCBITaxon,9606,AC16,,,"18°C 24h, 37°C 2h",3D-SIM,Rep2,Reconstructed image,"H3K4me3, H3K27me3, DAPI"
Rep2_H3K4M_H3K27M,AC16_Rep2_18d24h37d2h_H3K4M488_H3K27M594_07_SIR_THR_ALN.tif,Homo sapiens,NCBITaxon,9606,AC16,,,"18°C 24h, 37°C 2h",3D-SIM,Rep2,Reconstructed image,"H3K4me3, H3K27me3, DAPI"
Rep2_H3K4M_H3K27M,AC16_Rep2_18d24h37d2h_H3K4M488_H3K27M594_08_SIR_THR_ALN.tif,Homo sapiens,NCBITaxon,9606,AC16,,,"18°C 24h, 37°C 2h",3D-SIM,Rep2,Reconstructed image,"H3K4me3, H3K27me3, DAPI"
Rep2_H3K4M_H3K27M,AC16_Rep2_18d24h37d2h_H3K4M488_H3K27M594_09_SIR_THR_ALN.tif,Homo sapiens,NCBITaxon,9606,AC16,,,"18°C 24h, 37°C 2h",3D-SIM,Rep2,Reconstructed image,"H3K4me3, H3K27me3, DAPI"
Rep2_H3K4M_H3K27M,AC16_Rep2_18d24h37d2h_H3K4M488_H3K27M594_10_SIR_THR_ALN.tif,Homo sapiens,NCBITaxon,9606,AC16,,,"18°C 24h, 37°C 2h",3D-SIM,Rep2,Reconstructed image,"H3K4me3, H3K27me3, DAPI"
Rep2_H3K4M_H3K27M,AC16_Rep2_18d24h37d2h_H3K4M488_H3K27M594_11_SIR_THR_ALN.tif,Homo sapiens,NCBITaxon,9606,AC16,,,"18°C 24h, 37°C 2h",3D-SIM,Rep2,Reconstructed image,"H3K4me3, H3K27me3, DAPI"
Rep2_H3K4M_H3K27M,AC16_Rep2_18d24h37d2h_H3K4M488_H3K27M594_12_SIR_THR_ALN.tif,Homo sapiens,NCBITaxon,9606,AC16,,,"18°C 24h, 37°C 2h",3D-SIM,Rep2,Reconstructed image,"H3K4me3, H3K27me3, DAPI"
Rep2_POLS2P_H3K9M,AC16_Rep2_18d24h37d2h_POLS2P488_H3K9M594_01_SIR_THR_ALN.tif,Homo sapiens,NCBITaxon,9606,AC16,,,"18°C 24h, 37°C 2h",3D-SIM,Rep2,Reconstructed image,"RNAPol2Ser2P, H3K9me3, DAPI"
Rep2_POLS2P_H3K9M,AC16_Rep2_18d24h37d2h_POLS2P488_H3K9M594_02_SIR_THR_ALN.tif,Homo sapiens,NCBITaxon,9606,AC16,,,"18°C 24h, 37°C 2h",3D-SIM,Rep2,Reconstructed image,"RNAPol2Ser2P, H3K9me3, DAPI"
Rep2_POLS2P_H3K9M,AC16_Rep2_18d24h37d2h_POLS2P488_H3K9M594_03_SIR_THR_ALN.tif,Homo sapiens,NCBITaxon,9606,AC16,,,"18°C 24h, 37°C 2h",3D-SIM,Rep2,Reconstructed image,"RNAPol2Ser2P, H3K9me3, DAPI"
Rep2_POLS2P_H3K9M,AC16_Rep2_18d24h37d2h_POLS2P488_H3K9M594_04_SIR_THR_ALN.tif,Homo sapiens,NCBITaxon,9606,AC16,,,"18°C 24h, 37°C 2h",3D-SIM,Rep2,Reconstructed image,"RNAPol2Ser2P, H3K9me3, DAPI"
Rep2_POLS2P_H3K9M,AC16_Rep2_18d24h37d2h_POLS2P488_H3K9M594_05_SIR_THR_ALN.tif,Homo sapiens,NCBITaxon,9606,AC16,,,"18°C 24h, 37°C 2h",3D-SIM,Rep2,Reconstructed image,"RNAPol2Ser2P, H3K9me3, DAPI"
Rep2_POLS2P_H3K9M,AC16_Rep2_18d24h37d2h_POLS2P488_H3K9M594_06_SIR_THR_ALN.tif,Homo sapiens,NCBITaxon,9606,AC16,,,"18°C 24h, 37°C 2h",3D-SIM,Rep2,Reconstructed image,"RNAPol2Ser2P, H3K9me3, DAPI"
Rep2_POLS2P_H3K9M,AC16_Rep2_18d24h37d2h_POLS2P488_H3K9M594_07_SIR_THR_ALN.tif,Homo sapiens,NCBITaxon,9606,AC16,,,"18°C 24h, 37°C 2h",3D-SIM,Rep2,Reconstructed image,"RNAPol2Ser2P, H3K9me3, DAPI"
Rep2_POLS2P_H3K9M,AC16_Rep2_18d24h37d2h_POLS2P488_H3K9M594_08_SIR_THR_ALN.tif,Homo sapiens,NCBITaxon,9606,AC16,,,"18°C 24h, 37°C 2h",3D-SIM,Rep2,Reconstructed image,"RNAPol2Ser2P, H3K9me3, DAPI"
Rep2_POLS2P_H3K9M,AC16_Rep2_18d24h37d2h_POLS2P488_H3K9M594_09_SIR_THR_ALN.tif,Homo sapiens,NCBITaxon,9606,AC16,,,"18°C 24h, 37°C 2h",3D-SIM,Rep2,Reconstructed image,"RNAPol2Ser2P, H3K9me3, DAPI"
Rep2_POLS2P_H3K9M,AC16_Rep2_18d24h37d2h_POLS2P488_H3K9M594_10_SIR_THR_ALN.tif,Homo sapiens,NCBITaxon,9606,AC16,,,"18°C 24h, 37°C 2h",3D-SIM,Rep2,Reconstructed image,"RNAPol2Ser2P, H3K9me3, DAPI"
Rep2_POLS2P_H3K9M,AC16_Rep2_18d24h37d2h_POLS2P488_H3K9M594_11_SIR_THR_ALN.tif,Homo sapiens,NCBITaxon,9606,AC16,,,"18°C 24h, 37°C 2h",3D-SIM,Rep2,Reconstructed image,"RNAPol2Ser2P, H3K9me3, DAPI"
Rep2_HNRNPC_NUP,AC16_Rep2_18d5h_HNRNPC488_NUP594_01_SIR_THR_ALN.tif,Homo sapiens,NCBITaxon,9606,AC16,,,18°C 5h,3D-SIM,Rep2,Reconstructed image,"hnRNPC, Nuclear Pore Complex, DAPI"
Rep2_HNRNPC_NUP,AC16_Rep2_18d5h_HNRNPC488_NUP594_02_SIR_THR_ALN.tif,Homo sapiens,NCBITaxon,9606,AC16,,,18°C 5h,3D-SIM,Rep2,Reconstructed image,"hnRNPC, Nuclear Pore Complex, DAPI"
Rep2_HNRNPC_NUP,AC16_Rep2_18d5h_HNRNPC488_NUP594_03_SIR_THR_ALN.tif,Homo sapiens,NCBITaxon,9606,AC16,,,18°C 5h,3D-SIM,Rep2,Reconstructed image,"hnRNPC, Nuclear Pore Complex, DAPI"
Rep2_HNRNPC_NUP,AC16_Rep2_18d5h_HNRNPC488_NUP594_04_SIR_THR_ALN.tif,Homo sapiens,NCBITaxon,9606,AC16,,,18°C 5h,3D-SIM,Rep2,Reconstructed image,"hnRNPC, Nuclear Pore Complex, DAPI"
Rep2_HNRNPC_NUP,AC16_Rep2_18d5h_HNRNPC488_NUP594_05_SIR_THR_ALN.tif,Homo sapiens,NCBITaxon,9606,AC16,,,18°C 5h,3D-SIM,Rep2,Reconstructed image,"hnRNPC, Nuclear Pore Complex, DAPI"
Rep2_HNRNPC_NUP,AC16_Rep2_18d5h_HNRNPC488_NUP594_06_SIR_THR_ALN.tif,Homo sapiens,NCBITaxon,9606,AC16,,,18°C 5h,3D-SIM,Rep2,Reconstructed image,"hnRNPC, Nuclear Pore Complex, DAPI"
Rep2_HNRNPC_NUP,AC16_Rep2_18d5h_HNRNPC488_NUP594_07_SIR_THR_ALN.tif,Homo sapiens,NCBITaxon,9606,AC16,,,18°C 5h,3D-SIM,Rep2,Reconstructed image,"hnRNPC, Nuclear Pore Complex, DAPI"
Rep2_HNRNPC_NUP,AC16_Rep2_18d5h_HNRNPC488_NUP594_08_SIR_THR_ALN.tif,Homo sapiens,NCBITaxon,9606,AC16,,,18°C 5h,3D-SIM,Rep2,Reconstructed image,"hnRNPC, Nuclear Pore Complex, DAPI"
Rep2_HNRNPC_NUP,AC16_Rep2_18d5h_HNRNPC488_NUP594_09_SIR_THR_ALN.tif,Homo sapiens,NCBITaxon,9606,AC16,,,18°C 5h,3D-SIM,Rep2,Reconstructed image,"hnRNPC, Nuclear Pore Complex, DAPI"
Rep2_HNRNPC_NUP,AC16_Rep2_18d5h_HNRNPC488_NUP594_10_SIR_THR_ALN.tif,Homo sapiens,NCBITaxon,9606,AC16,,,18°C 5h,3D-SIM,Rep2,Reconstructed image,"hnRNPC, Nuclear Pore Complex, DAPI"
Rep2_POLS2P_H3K9M,AC16_Rep2_18d5h_POLS2P488_H3K9M594_01_SIR_THR_ALN.tif,Homo sapiens,NCBITaxon,9606,AC16,,,18°C 5h,3D-SIM,Rep2,Reconstructed image,"RNAPol2Ser2P, H3K9me3, DAPI"
Rep2_POLS2P_H3K9M,AC16_Rep2_18d5h_POLS2P488_H3K9M594_02_SIR_THR_ALN.tif,Homo sapiens,NCBITaxon,9606,AC16,,,18°C 5h,3D-SIM,Rep2,Reconstructed image,"RNAPol2Ser2P, H3K9me3, DAPI"
Rep2_POLS2P_H3K9M,AC16_Rep2_18d5h_POLS2P488_H3K9M594_03_SIR_THR_ALN.tif,Homo sapiens,NCBITaxon,9606,AC16,,,18°C 5h,3D-SIM,Rep2,Reconstructed image,"RNAPol2Ser2P, H3K9me3, DAPI"
Rep2_POLS2P_H3K9M,AC16_Rep2_18d5h_POLS2P488_H3K9M594_04_SIR_THR_ALN.tif,Homo sapiens,NCBITaxon,9606,AC16,,,18°C 5h,3D-SIM,Rep2,Reconstructed image,"RNAPol2Ser2P, H3K9me3, DAPI"
Rep2_POLS2P_H3K9M,AC16_Rep2_18d5h_POLS2P488_H3K9M594_05_SIR_THR_ALN.tif,Homo sapiens,NCBITaxon,9606,AC16,,,18°C 5h,3D-SIM,Rep2,Reconstructed image,"RNAPol2Ser2P, H3K9me3, DAPI"
Rep2_POLS2P_H3K9M,AC16_Rep2_18d5h_POLS2P488_H3K9M594_06_SIR_THR_ALN.tif,Homo sapiens,NCBITaxon,9606,AC16,,,18°C 5h,3D-SIM,Rep2,Reconstructed image,"RNAPol2Ser2P, H3K9me3, DAPI"
Rep2_POLS2P_H3K9M,AC16_Rep2_18d5h_POLS2P488_H3K9M594_07_SIR_THR_ALN.tif,Homo sapiens,NCBITaxon,9606,AC16,,,18°C 5h,3D-SIM,Rep2,Reconstructed image,"RNAPol2Ser2P, H3K9me3, DAPI"
Rep2_POLS2P_H3K9M,AC16_Rep2_18d5h_POLS2P488_H3K9M594_08_SIR_THR_ALN.tif,Homo sapiens,NCBITaxon,9606,AC16,,,18°C 5h,3D-SIM,Rep2,Reconstructed image,"RNAPol2Ser2P, H3K9me3, DAPI"
Rep2_POLS2P_H3K9M,AC16_Rep2_18d5h_POLS2P488_H3K9M594_09_SIR_THR_ALN.tif,Homo sapiens,NCBITaxon,9606,AC16,,,18°C 5h,3D-SIM,Rep2,Reconstructed image,"RNAPol2Ser2P, H3K9me3, DAPI"
Rep2_POLS2P_H3K9M,AC16_Rep2_18d5h_POLS2P488_H3K9M594_10_SIR_THR_ALN.tif,Homo sapiens,NCBITaxon,9606,AC16,,,18°C 5h,3D-SIM,Rep2,Reconstructed image,"RNAPol2Ser2P, H3K9me3, DAPI"
Rep2_POLS2P_H3K9M,AC16_Rep2_18d5h_POLS2P488_H3K9M594_11_SIR_THR_ALN.tif,Homo sapiens,NCBITaxon,9606,AC16,,,18°C 5h,3D-SIM,Rep2,Reconstructed image,"RNAPol2Ser2P, H3K9me3, DAPI"
Rep2_POLS2P_H3K9M,AC16_Rep2_18d5h_POLS2P488_H3K9M594_12_SIR_THR_ALN.tif,Homo sapiens,NCBITaxon,9606,AC16,,,18°C 5h,3D-SIM,Rep2,Reconstructed image,"RNAPol2Ser2P, H3K9me3, DAPI"
Rep2_POLS2P_H3K9M,AC16_Rep2_18d5h_POLS2P488_H3K9M594_13_SIR_THR_ALN.tif,Homo sapiens,NCBITaxon,9606,AC16,,,18°C 5h,3D-SIM,Rep2,Reconstructed image,"RNAPol2Ser2P, H3K9me3, DAPI"
Rep2_POLS2P_H3K9M,AC16_Rep2_18d5h_POLS2P488_H3K9M594_14_SIR_THR_ALN.tif,Homo sapiens,NCBITaxon,9606,AC16,,,18°C 5h,3D-SIM,Rep2,Reconstructed image,"RNAPol2Ser2P, H3K9me3, DAPI"
Rep2_POLS2P_H3K9M,AC16_Rep2_18d5h_POLS2P488_H3K9M594_15_SIR_THR_ALN.tif,Homo sapiens,NCBITaxon,9606,AC16,,,18°C 5h,3D-SIM,Rep2,Reconstructed image,"RNAPol2Ser2P, H3K9me3, DAPI"
Rep2_POLS2P_H3K9M,AC16_Rep2_18d5h_POLS2P488_H3K9M594_16_SIR_THR_ALN.tif,Homo sapiens,NCBITaxon,9606,AC16,,,18°C 5h,3D-SIM,Rep2,Reconstructed image,"RNAPol2Ser2P, H3K9me3, DAPI"
Rep2_POLS2P_H3K9M,AC16_Rep2_18d5h_POLS2P488_H3K9M594_17_SIR_THR_ALN.tif,Homo sapiens,NCBITaxon,9606,AC16,,,18°C 5h,3D-SIM,Rep2,Reconstructed image,"RNAPol2Ser2P, H3K9me3, DAPI"
Rep2_POLS2P_H3K9M,AC16_Rep2_18d5h_POLS2P488_H3K9M594_18_SIR_THR_ALN.tif,Homo sapiens,NCBITaxon,9606,AC16,,,18°C 5h,3D-SIM,Rep2,Reconstructed image,"RNAPol2Ser2P, H3K9me3, DAPI"
Rep2_POLS2P_H3K9M,AC16_Rep2_18d5h_POLS2P488_H3K9M594_19_SIR_THR_ALN.tif,Homo sapiens,NCBITaxon,9606,AC16,,,18°C 5h,3D-SIM,Rep2,Reconstructed image,"RNAPol2Ser2P, H3K9me3, DAPI"
Rep2_POLS2P_H3K9M,AC16_Rep2_18d5h_POLS2P488_H3K9M594_20_SIR_THR_ALN.tif,Homo sapiens,NCBITaxon,9606,AC16,,,18°C 5h,3D-SIM,Rep2,Reconstructed image,"RNAPol2Ser2P, H3K9me3, DAPI"
Rep2_H3K4M_H3K27M,AC16_Rep2_18d5h_H3K4M488_H3K27M594_01_SIR_THR_ALN.tif,Homo sapiens,NCBITaxon,9606,AC16,,,18°C 5h,3D-SIM,Rep2,Reconstructed image,"H3K4me3, H3K27me3, DAPI"
Rep2_H3K4M_H3K27M,AC16_Rep2_18d5h_H3K4M488_H3K27M594_02_SIR_THR_ALN.tif,Homo sapiens,NCBITaxon,9606,AC16,,,18°C 5h,3D-SIM,Rep2,Reconstructed image,"H3K4me3, H3K27me3, DAPI"
Rep2_H3K4M_H3K27M,AC16_Rep2_18d5h_H3K4M488_H3K27M594_03_SIR_THR_ALN.tif,Homo sapiens,NCBITaxon,9606,AC16,,,18°C 5h,3D-SIM,Rep2,Reconstructed image,"H3K4me3, H3K27me3, DAPI"
Rep2_H3K4M_H3K27M,AC16_Rep2_18d5h_H3K4M488_H3K27M594_04_SIR_THR_ALN.tif,Homo sapiens,NCBITaxon,9606,AC16,,,18°C 5h,3D-SIM,Rep2,Reconstructed image,"H3K4me3, H3K27me3, DAPI"
Rep2_H3K4M_H3K27M,AC16_Rep2_18d5h_H3K4M488_H3K27M594_05_SIR_THR_ALN.tif,Homo sapiens,NCBITaxon,9606,AC16,,,18°C 5h,3D-SIM,Rep2,Reconstructed image,"H3K4me3, H3K27me3, DAPI"
Rep2_H3K4M_H3K27M,AC16_Rep2_18d5h_H3K4M488_H3K27M594_06_SIR_THR_ALN.tif,Homo sapiens,NCBITaxon,9606,AC16,,,18°C 5h,3D-SIM,Rep2,Reconstructed image,"H3K4me3, H3K27me3, DAPI"
Rep2_H3K4M_H3K27M,AC16_Rep2_18d5h_H3K4M488_H3K27M594_07_SIR_THR_ALN.tif,Homo sapiens,NCBITaxon,9606,AC16,,,18°C 5h,3D-SIM,Rep2,Reconstructed image,"H3K4me3, H3K27me3, DAPI"
Rep2_H3K4M_H3K27M,AC16_Rep2_18d5h_H3K4M488_H3K27M594_08_SIR_THR_ALN.tif,Homo sapiens,NCBITaxon,9606,AC16,,,18°C 5h,3D-SIM,Rep2,Reconstructed image,"H3K4me3, H3K27me3, DAPI"
Rep2_H3K4M_H3K27M,AC16_Rep2_18d5h_H3K4M488_H3K27M594_09_SIR_THR_ALN.tif,Homo sapiens,NCBITaxon,9606,AC16,,,18°C 5h,3D-SIM,Rep2,Reconstructed image,"H3K4me3, H3K27me3, DAPI"
Rep2_H3K4M_H3K27M,AC16_Rep2_18d5h_H3K4M488_H3K27M594_10_SIR_THR_ALN.tif,Homo sapiens,NCBITaxon,9606,AC16,,,18°C 5h,3D-SIM,Rep2,Reconstructed image,"H3K4me3, H3K27me3, DAPI"
Rep2_H3K4M_H3K27M,AC16_Rep2_18d5h_H3K4M488_H3K27M594_11_SIR_THR_ALN.tif,Homo sapiens,NCBITaxon,9606,AC16,,,18°C 5h,3D-SIM,Rep2,Reconstructed image,"H3K4me3, H3K27me3, DAPI"
Rep2_H3K4M_H3K27M,AC16_Rep2_18d5h_H3K4M488_H3K27M594_12_SIR_THR_ALN.tif,Homo sapiens,NCBITaxon,9606,AC16,,,18°C 5h,3D-SIM,Rep2,Reconstructed image,"H3K4me3, H3K27me3, DAPI"
Rep2_HNRNPC_NUP,AC16_Rep2_28d24h_HNRNPC488_NUP594_01_SIR_THR_ALN.tif,Homo sapiens,NCBITaxon,9606,AC16,,,28°C 24h,3D-SIM,Rep2,Reconstructed image,"hnRNPC, Nuclear Pore Complex, DAPI"
Rep2_HNRNPC_NUP,AC16_Rep2_28d24h_HNRNPC488_NUP594_02_SIR_THR_ALN.tif,Homo sapiens,NCBITaxon,9606,AC16,,,28°C 24h,3D-SIM,Rep2,Reconstructed image,"hnRNPC, Nuclear Pore Complex, DAPI"
Rep2_HNRNPC_NUP,AC16_Rep2_28d24h_HNRNPC488_NUP594_03_SIR_THR_ALN.tif,Homo sapiens,NCBITaxon,9606,AC16,,,28°C 24h,3D-SIM,Rep2,Reconstructed image,"hnRNPC, Nuclear Pore Complex, DAPI"
Rep2_HNRNPC_NUP,AC16_Rep2_28d24h_HNRNPC488_NUP594_04_SIR_THR_ALN.tif,Homo sapiens,NCBITaxon,9606,AC16,,,28°C 24h,3D-SIM,Rep2,Reconstructed image,"hnRNPC, Nuclear Pore Complex, DAPI"
Rep2_HNRNPC_NUP,AC16_Rep2_28d24h_HNRNPC488_NUP594_05_SIR_THR_ALN.tif,Homo sapiens,NCBITaxon,9606,AC16,,,28°C 24h,3D-SIM,Rep2,Reconstructed image,"hnRNPC, Nuclear Pore Complex, DAPI"
Rep2_HNRNPC_NUP,AC16_Rep2_28d24h_HNRNPC488_NUP594_06_SIR_THR_ALN.tif,Homo sapiens,NCBITaxon,9606,AC16,,,28°C 24h,3D-SIM,Rep2,Reconstructed image,"hnRNPC, Nuclear Pore Complex, DAPI"
Rep2_HNRNPC_NUP,AC16_Rep2_28d24h_HNRNPC488_NUP594_07_SIR_THR_ALN.tif,Homo sapiens,NCBITaxon,9606,AC16,,,28°C 24h,3D-SIM,Rep2,Reconstructed image,"hnRNPC, Nuclear Pore Complex, DAPI"
Rep2_HNRNPC_NUP,AC16_Rep2_28d24h_HNRNPC488_NUP594_08_SIR_THR_ALN.tif,Homo sapiens,NCBITaxon,9606,AC16,,,28°C 24h,3D-SIM,Rep2,Reconstructed image,"hnRNPC, Nuclear Pore Complex, DAPI"
Rep2_HNRNPC_NUP,AC16_Rep2_28d24h_HNRNPC488_NUP594_09_SIR_THR_ALN.tif,Homo sapiens,NCBITaxon,9606,AC16,,,28°C 24h,3D-SIM,Rep2,Reconstructed image,"hnRNPC, Nuclear Pore Complex, DAPI"
Rep2_HNRNPC_NUP,AC16_Rep2_28d24h_HNRNPC488_NUP594_10_SIR_THR_ALN.tif,Homo sapiens,NCBITaxon,9606,AC16,,,28°C 24h,3D-SIM,Rep2,Reconstructed image,"hnRNPC, Nuclear Pore Complex, DAPI"
Rep2_HNRNPC_NUP,AC16_Rep2_28d24h_HNRNPC488_NUP594_11_SIR_THR_ALN.tif,Homo sapiens,NCBITaxon,9606,AC16,,,28°C 24h,3D-SIM,Rep2,Reconstructed image,"hnRNPC, Nuclear Pore Complex, DAPI"
Rep2_H3K4M_H3K27M,AC16_Rep2_28d24h_H3K4M488_H3K27M594_01_SIR_THR_ALN.tif,Homo sapiens,NCBITaxon,9606,AC16,,,28°C 24h,3D-SIM,Rep2,Reconstructed image,"H3K4me3, H3K27me3, DAPI"
Rep2_H3K4M_H3K27M,AC16_Rep2_28d24h_H3K4M488_H3K27M594_02_SIR_THR_ALN.tif,Homo sapiens,NCBITaxon,9606,AC16,,,28°C 24h,3D-SIM,Rep2,Reconstructed image,"H3K4me3, H3K27me3, DAPI"
Rep2_H3K4M_H3K27M,AC16_Rep2_28d24h_H3K4M488_H3K27M594_03_SIR_THR_ALN.tif,Homo sapiens,NCBITaxon,9606,AC16,,,28°C 24h,3D-SIM,Rep2,Reconstructed image,"H3K4me3, H3K27me3, DAPI"
Rep2_H3K4M_H3K27M,AC16_Rep2_28d24h_H3K4M488_H3K27M594_04_SIR_THR_ALN.tif,Homo sapiens,NCBITaxon,9606,AC16,,,28°C 24h,3D-SIM,Rep2,Reconstructed image,"H3K4me3, H3K27me3, DAPI"
Rep2_H3K4M_H3K27M,AC16_Rep2_28d24h_H3K4M488_H3K27M594_05_SIR_THR_ALN.tif,Homo sapiens,NCBITaxon,9606,AC16,,,28°C 24h,3D-SIM,Rep2,Reconstructed image,"H3K4me3, H3K27me3, DAPI"
Rep2_H3K4M_H3K27M,AC16_Rep2_28d24h_H3K4M488_H3K27M594_06_SIR_THR_ALN.tif,Homo sapiens,NCBITaxon,9606,AC16,,,28°C 24h,3D-SIM,Rep2,Reconstructed image,"H3K4me3, H3K27me3, DAPI"
Rep2_H3K4M_H3K27M,AC16_Rep2_28d24h_H3K4M488_H3K27M594_07_SIR_THR_ALN.tif,Homo sapiens,NCBITaxon,9606,AC16,,,28°C 24h,3D-SIM,Rep2,Reconstructed image,"H3K4me3, H3K27me3, DAPI"
Rep2_H3K4M_H3K27M,AC16_Rep2_28d24h_H3K4M488_H3K27M594_08_SIR_THR_ALN.tif,Homo sapiens,NCBITaxon,9606,AC16,,,28°C 24h,3D-SIM,Rep2,Reconstructed image,"H3K4me3, H3K27me3, DAPI"
Rep2_H3K4M_H3K27M,AC16_Rep2_28d24h_H3K4M488_H3K27M594_09_SIR_THR_ALN.tif,Homo sapiens,NCBITaxon,9606,AC16,,,28°C 24h,3D-SIM,Rep2,Reconstructed image,"H3K4me3, H3K27me3, DAPI"
Rep2_H3K4M_H3K27M,AC16_Rep2_28d24h_H3K4M488_H3K27M594_10_SIR_THR_ALN.tif,Homo sapiens,NCBITaxon,9606,AC16,,,28°C 24h,3D-SIM,Rep2,Reconstructed image,"H3K4me3, H3K27me3, DAPI"
Rep2_H3K4M_H3K27M,AC16_Rep2_28d24h_H3K4M488_H3K27M594_11_SIR_THR_ALN.tif,Homo sapiens,NCBITaxon,9606,AC16,,,28°C 24h,3D-SIM,Rep2,Reconstructed image,"H3K4me3, H3K27me3, DAPI"
Rep2_H3K4M_H3K27M,AC16_Rep2_28d24h_H3K4M488_H3K27M594_12_SIR_THR_ALN.tif,Homo sapiens,NCBITaxon,9606,AC16,,,28°C 24h,3D-SIM,Rep2,Reconstructed image,"H3K4me3, H3K27me3, DAPI"
Rep2_POLS2P_H3K9M,AC16_Rep2_28d24h_POLS2P488_H3K9M594_01_SIR_THR_ALN.tif,Homo sapiens,NCBITaxon,9606,AC16,,,28°C 24h,3D-SIM,Rep2,Reconstructed image,"RNAPol2Ser2P, H3K9me3, DAPI"
Rep2_POLS2P_H3K9M,AC16_Rep2_28d24h_POLS2P488_H3K9M594_02_SIR_THR_ALN.tif,Homo sapiens,NCBITaxon,9606,AC16,,,28°C 24h,3D-SIM,Rep2,Reconstructed image,"RNAPol2Ser2P, H3K9me3, DAPI"
Rep2_POLS2P_H3K9M,AC16_Rep2_28d24h_POLS2P488_H3K9M594_03_SIR_THR_ALN.tif,Homo sapiens,NCBITaxon,9606,AC16,,,28°C 24h,3D-SIM,Rep2,Reconstructed image,"RNAPol2Ser2P, H3K9me3, DAPI"
Rep2_POLS2P_H3K9M,AC16_Rep2_28d24h_POLS2P488_H3K9M594_04_SIR_THR_ALN.tif,Homo sapiens,NCBITaxon,9606,AC16,,,28°C 24h,3D-SIM,Rep2,Reconstructed image,"RNAPol2Ser2P, H3K9me3, DAPI"
Rep2_POLS2P_H3K9M,AC16_Rep2_28d24h_POLS2P488_H3K9M594_05_SIR_THR_ALN.tif,Homo sapiens,NCBITaxon,9606,AC16,,,28°C 24h,3D-SIM,Rep2,Reconstructed image,"RNAPol2Ser2P, H3K9me3, DAPI"
Rep2_POLS2P_H3K9M,AC16_Rep2_28d24h_POLS2P488_H3K9M594_06_SIR_THR_ALN.tif,Homo sapiens,NCBITaxon,9606,AC16,,,28°C 24h,3D-SIM,Rep2,Reconstructed image,"RNAPol2Ser2P, H3K9me3, DAPI"
Rep2_POLS2P_H3K9M,AC16_Rep2_28d24h_POLS2P488_H3K9M594_07_SIR_THR_ALN.tif,Homo sapiens,NCBITaxon,9606,AC16,,,28°C 24h,3D-SIM,Rep2,Reconstructed image,"RNAPol2Ser2P, H3K9me3, DAPI"
Rep2_POLS2P_H3K9M,AC16_Rep2_28d24h_POLS2P488_H3K9M594_08_SIR_THR_ALN.tif,Homo sapiens,NCBITaxon,9606,AC16,,,28°C 24h,3D-SIM,Rep2,Reconstructed image,"RNAPol2Ser2P, H3K9me3, DAPI"
Rep2_POLS2P_H3K9M,AC16_Rep2_28d24h_POLS2P488_H3K9M594_09_SIR_THR_ALN.tif,Homo sapiens,NCBITaxon,9606,AC16,,,28°C 24h,3D-SIM,Rep2,Reconstructed image,"RNAPol2Ser2P, H3K9me3, DAPI"
Rep2_POLS2P_H3K9M,AC16_Rep2_28d24h_POLS2P488_H3K9M594_10_SIR_THR_ALN.tif,Homo sapiens,NCBITaxon,9606,AC16,,,28°C 24h,3D-SIM,Rep2,Reconstructed image,"RNAPol2Ser2P, H3K9me3, DAPI"
Rep2_POLS2P_H3K9M,AC16_Rep2_28d24h_POLS2P488_H3K9M594_11_SIR_THR_ALN.tif,Homo sapiens,NCBITaxon,9606,AC16,,,28°C 24h,3D-SIM,Rep2,Reconstructed image,"RNAPol2Ser2P, H3K9me3, DAPI"
Rep2_POLS2P_H3K9M,AC16_Rep2_28d24h_POLS2P488_H3K9M594_12_SIR_THR_ALN.tif,Homo sapiens,NCBITaxon,9606,AC16,,,28°C 24h,3D-SIM,Rep2,Reconstructed image,"RNAPol2Ser2P, H3K9me3, DAPI"
Rep2_POLS2P_H3K9M,AC16_Rep2_28d24h_POLS2P488_H3K9M594_13_SIR_THR_ALN.tif,Homo sapiens,NCBITaxon,9606,AC16,,,28°C 24h,3D-SIM,Rep2,Reconstructed image,"RNAPol2Ser2P, H3K9me3, DAPI"
Rep2_HNRNPC_NUP,AC16_Rep2_37d_HNRNPC488_NUP594_01_SIR_THR_ALN.tif,Homo sapiens,NCBITaxon,9606,AC16,,,37°C ,3D-SIM,Rep2,Reconstructed image,"hnRNPC, Nuclear Pore Complex, DAPI"
Rep2_HNRNPC_NUP,AC16_Rep2_37d_HNRNPC488_NUP594_02_SIR_THR_ALN.tif,Homo sapiens,NCBITaxon,9606,AC16,,,37°C ,3D-SIM,Rep2,Reconstructed image,"hnRNPC, Nuclear Pore Complex, DAPI"
Rep2_HNRNPC_NUP,AC16_Rep2_37d_HNRNPC488_NUP594_03_SIR_THR_ALN.tif,Homo sapiens,NCBITaxon,9606,AC16,,,37°C ,3D-SIM,Rep2,Reconstructed image,"hnRNPC, Nuclear Pore Complex, DAPI"
Rep2_HNRNPC_NUP,AC16_Rep2_37d_HNRNPC488_NUP594_04_SIR_THR_ALN.tif,Homo sapiens,NCBITaxon,9606,AC16,,,37°C ,3D-SIM,Rep2,Reconstructed image,"hnRNPC, Nuclear Pore Complex, DAPI"
Rep2_HNRNPC_NUP,AC16_Rep2_37d_HNRNPC488_NUP594_05_SIR_THR_ALN.tif,Homo sapiens,NCBITaxon,9606,AC16,,,37°C ,3D-SIM,Rep2,Reconstructed image,"hnRNPC, Nuclear Pore Complex, DAPI"
Rep2_HNRNPC_NUP,AC16_Rep2_37d_HNRNPC488_NUP594_06_SIR_THR_ALN.tif,Homo sapiens,NCBITaxon,9606,AC16,,,37°C ,3D-SIM,Rep2,Reconstructed image,"hnRNPC, Nuclear Pore Complex, DAPI"
Rep2_HNRNPC_NUP,AC16_Rep2_37d_HNRNPC488_NUP594_07_SIR_THR_ALN.tif,Homo sapiens,NCBITaxon,9606,AC16,,,37°C ,3D-SIM,Rep2,Reconstructed image,"hnRNPC, Nuclear Pore Complex, DAPI"
Rep2_HNRNPC_NUP,AC16_Rep2_37d_HNRNPC488_NUP594_08_SIR_THR_ALN.tif,Homo sapiens,NCBITaxon,9606,AC16,,,37°C ,3D-SIM,Rep2,Reconstructed image,"hnRNPC, Nuclear Pore Complex, DAPI"
Rep2_HNRNPC_NUP,AC16_Rep2_37d_HNRNPC488_NUP594_09_SIR_THR_ALN.tif,Homo sapiens,NCBITaxon,9606,AC16,,,37°C ,3D-SIM,Rep2,Reconstructed image,"hnRNPC, Nuclear Pore Complex, DAPI"
Rep2_HNRNPC_NUP,AC16_Rep2_37d_HNRNPC488_NUP594_10_SIR_THR_ALN.tif,Homo sapiens,NCBITaxon,9606,AC16,,,37°C ,3D-SIM,Rep2,Reconstructed image,"hnRNPC, Nuclear Pore Complex, DAPI"
Rep2_HNRNPC_NUP,AC16_Rep2_37d_HNRNPC488_NUP594_11_SIR_THR_ALN.tif,Homo sapiens,NCBITaxon,9606,AC16,,,37°C ,3D-SIM,Rep2,Reconstructed image,"hnRNPC, Nuclear Pore Complex, DAPI"
Rep2_HNRNPC_NUP,AC16_Rep2_37d_HNRNPC488_NUP594_12_SIR_THR_ALN.tif,Homo sapiens,NCBITaxon,9606,AC16,,,37°C ,3D-SIM,Rep2,Reconstructed image,"hnRNPC, Nuclear Pore Complex, DAPI"
Rep2_POLS2P_H3K9M,AC16_Rep2_37d_POLS2P488_H3K9M594_01_SIR_THR_ALN.tif,Homo sapiens,NCBITaxon,9606,AC16,,,37°C ,3D-SIM,Rep2,Reconstructed image,"RNAPol2Ser2P, H3K9me3, DAPI"
Rep2_POLS2P_H3K9M,AC16_Rep2_37d_POLS2P488_H3K9M594_02_SIR_THR_ALN.tif,Homo sapiens,NCBITaxon,9606,AC16,,,37°C ,3D-SIM,Rep2,Reconstructed image,"RNAPol2Ser2P, H3K9me3, DAPI"
Rep2_POLS2P_H3K9M,AC16_Rep2_37d_POLS2P488_H3K9M594_03_SIR_THR_ALN.tif,Homo sapiens,NCBITaxon,9606,AC16,,,37°C ,3D-SIM,Rep2,Reconstructed image,"RNAPol2Ser2P, H3K9me3, DAPI"
Rep2_POLS2P_H3K9M,AC16_Rep2_37d_POLS2P488_H3K9M594_04_SIR_THR_ALN.tif,Homo sapiens,NCBITaxon,9606,AC16,,,37°C ,3D-SIM,Rep2,Reconstructed image,"RNAPol2Ser2P, H3K9me3, DAPI"
Rep2_POLS2P_H3K9M,AC16_Rep2_37d_POLS2P488_H3K9M594_05_SIR_THR_ALN.tif,Homo sapiens,NCBITaxon,9606,AC16,,,37°C ,3D-SIM,Rep2,Reconstructed image,"RNAPol2Ser2P, H3K9me3, DAPI"
Rep2_POLS2P_H3K9M,AC16_Rep2_37d_POLS2P488_H3K9M594_06_SIR_THR_ALN.tif,Homo sapiens,NCBITaxon,9606,AC16,,,37°C ,3D-SIM,Rep2,Reconstructed image,"RNAPol2Ser2P, H3K9me3, DAPI"
Rep2_POLS2P_H3K9M,AC16_Rep2_37d_POLS2P488_H3K9M594_07_SIR_THR_ALN.tif,Homo sapiens,NCBITaxon,9606,AC16,,,37°C ,3D-SIM,Rep2,Reconstructed image,"RNAPol2Ser2P, H3K9me3, DAPI"
Rep2_POLS2P_H3K9M,AC16_Rep2_37d_POLS2P488_H3K9M594_08_SIR_THR_ALN.tif,Homo sapiens,NCBITaxon,9606,AC16,,,37°C ,3D-SIM,Rep2,Reconstructed image,"RNAPol2Ser2P, H3K9me3, DAPI"
Rep2_POLS2P_H3K9M,AC16_Rep2_37d_POLS2P488_H3K9M594_09_SIR_THR_ALN.tif,Homo sapiens,NCBITaxon,9606,AC16,,,37°C ,3D-SIM,Rep2,Reconstructed image,"RNAPol2Ser2P, H3K9me3, DAPI"
Rep2_POLS2P_H3K9M,AC16_Rep2_37d_POLS2P488_H3K9M594_10_SIR_THR_ALN.tif,Homo sapiens,NCBITaxon,9606,AC16,,,37°C ,3D-SIM,Rep2,Reconstructed image,"RNAPol2Ser2P, H3K9me3, DAPI"
Rep2_POLS2P_H3K9M,AC16_Rep2_37d_POLS2P488_H3K9M594_11_SIR_THR_ALN.tif,Homo sapiens,NCBITaxon,9606,AC16,,,37°C ,3D-SIM,Rep2,Reconstructed image,"RNAPol2Ser2P, H3K9me3, DAPI"
Rep2_POLS2P_H3K9M,AC16_Rep2_37d_POLS2P488_H3K9M594_12_SIR_THR_ALN.tif,Homo sapiens,NCBITaxon,9606,AC16,,,37°C ,3D-SIM,Rep2,Reconstructed image,"RNAPol2Ser2P, H3K9me3, DAPI"
Rep2_POLS2P_H3K9M,AC16_Rep2_37d_POLS2P488_H3K9M594_13_SIR_THR_ALN.tif,Homo sapiens,NCBITaxon,9606,AC16,,,37°C ,3D-SIM,Rep2,Reconstructed image,"RNAPol2Ser2P, H3K9me3, DAPI"
Rep2_POLS2P_H3K9M,AC16_Rep2_37d_POLS2P488_H3K9M594_14_SIR_THR_ALN.tif,Homo sapiens,NCBITaxon,9606,AC16,,,37°C ,3D-SIM,Rep2,Reconstructed image,"RNAPol2Ser2P, H3K9me3, DAPI"
Rep2_POLS2P_H3K9M,AC16_Rep2_37d_POLS2P488_H3K9M594_15_SIR_THR_ALN.tif,Homo sapiens,NCBITaxon,9606,AC16,,,37°C ,3D-SIM,Rep2,Reconstructed image,"RNAPol2Ser2P, H3K9me3, DAPI"
Rep2_POLS2P_H3K9M,AC16_Rep2_37d_POLS2P488_H3K9M594_16_SIR_THR_ALN.tif,Homo sapiens,NCBITaxon,9606,AC16,,,37°C ,3D-SIM,Rep2,Reconstructed image,"RNAPol2Ser2P, H3K9me3, DAPI"
Rep2_POLS2P_H3K9M,AC16_Rep2_37d_POLS2P488_H3K9M594_17_SIR_THR_ALN.tif,Homo sapiens,NCBITaxon,9606,AC16,,,37°C ,3D-SIM,Rep2,Reconstructed image,"RNAPol2Ser2P, H3K9me3, DAPI"
Rep2_H3K4M_H3K27M,AC16_Rep2_37d_H3K4M488_H3K27M594_01_SIR_THR_ALN.tif,Homo sapiens,NCBITaxon,9606,AC16,,,37°C ,3D-SIM,Rep2,Reconstructed image,"H3K4me3, H3K27me3, DAPI"
Rep2_H3K4M_H3K27M,AC16_Rep2_37d_H3K4M488_H3K27M594_02_SIR_THR_ALN.tif,Homo sapiens,NCBITaxon,9606,AC16,,,37°C ,3D-SIM,Rep2,Reconstructed image,"H3K4me3, H3K27me3, DAPI"
Rep2_H3K4M_H3K27M,AC16_Rep2_37d_H3K4M488_H3K27M594_03_SIR_THR_ALN.tif,Homo sapiens,NCBITaxon,9606,AC16,,,37°C ,3D-SIM,Rep2,Reconstructed image,"H3K4me3, H3K27me3, DAPI"
Rep2_H3K4M_H3K27M,AC16_Rep2_37d_H3K4M488_H3K27M594_04_SIR_THR_ALN.tif,Homo sapiens,NCBITaxon,9606,AC16,,,37°C ,3D-SIM,Rep2,Reconstructed image,"H3K4me3, H3K27me3, DAPI"
Rep2_H3K4M_H3K27M,AC16_Rep2_37d_H3K4M488_H3K27M594_05_SIR_THR_ALN.tif,Homo sapiens,NCBITaxon,9606,AC16,,,37°C ,3D-SIM,Rep2,Reconstructed image,"H3K4me3, H3K27me3, DAPI"
Rep2_H3K4M_H3K27M,AC16_Rep2_37d_H3K4M488_H3K27M594_06_SIR_THR_ALN.tif,Homo sapiens,NCBITaxon,9606,AC16,,,37°C ,3D-SIM,Rep2,Reconstructed image,"H3K4me3, H3K27me3, DAPI"
Rep2_H3K4M_H3K27M,AC16_Rep2_37d_H3K4M488_H3K27M594_07_SIR_THR_ALN.tif,Homo sapiens,NCBITaxon,9606,AC16,,,37°C ,3D-SIM,Rep2,Reconstructed image,"H3K4me3, H3K27me3, DAPI"
Rep2_H3K4M_H3K27M,AC16_Rep2_37d_H3K4M488_H3K27M594_08_SIR_THR_ALN.tif,Homo sapiens,NCBITaxon,9606,AC16,,,37°C ,3D-SIM,Rep2,Reconstructed image,"H3K4me3, H3K27me3, DAPI"
Rep2_H3K4M_H3K27M,AC16_Rep2_37d_H3K4M488_H3K27M594_09_SIR_THR_ALN.tif,Homo sapiens,NCBITaxon,9606,AC16,,,37°C ,3D-SIM,Rep2,Reconstructed image,"H3K4me3, H3K27me3, DAPI"
Rep2_H3K4M_H3K27M,AC16_Rep2_37d_H3K4M488_H3K27M594_10_SIR_THR_ALN.tif,Homo sapiens,NCBITaxon,9606,AC16,,,37°C ,3D-SIM,Rep2,Reconstructed image,"H3K4me3, H3K27me3, DAPI"
Rep2_H3K4M_H3K27M,AC16_Rep2_37d_H3K4M488_H3K27M594_11_SIR_THR_ALN.tif,Homo sapiens,NCBITaxon,9606,AC16,,,37°C ,3D-SIM,Rep2,Reconstructed image,"H3K4me3, H3K27me3, DAPI"
Rep2_H3K4M_H3K27M,AC16_Rep2_37d_H3K4M488_H3K27M594_12_SIR_THR_ALN.tif,Homo sapiens,NCBITaxon,9606,AC16,,,37°C ,3D-SIM,Rep2,Reconstructed image,"H3K4me3, H3K27me3, DAPI"
Rep2_H3K4M_H3K27M,AC16_Rep2_37d_H3K4M488_H3K27M594_13_SIR_THR_ALN.tif,Homo sapiens,NCBITaxon,9606,AC16,,,37°C ,3D-SIM,Rep2,Reconstructed image,"H3K4me3, H3K27me3, DAPI"
Rep2_HNRNPC_NUP,AC16_Rep2_8d24h_HNRNPC488_NUP594_01_SIR_THR_ALN.tif,Homo sapiens,NCBITaxon,9606,AC16,,,8°C 24h,3D-SIM,Rep2,Reconstructed image,"hnRNPC, Nuclear Pore Complex, DAPI"
Rep2_HNRNPC_NUP,AC16_Rep2_8d24h_HNRNPC488_NUP594_02_SIR_THR_ALN.tif,Homo sapiens,NCBITaxon,9606,AC16,,,8°C 24h,3D-SIM,Rep2,Reconstructed image,"hnRNPC, Nuclear Pore Complex, DAPI"
Rep2_HNRNPC_NUP,AC16_Rep2_8d24h_HNRNPC488_NUP594_03_SIR_THR_ALN.tif,Homo sapiens,NCBITaxon,9606,AC16,,,8°C 24h,3D-SIM,Rep2,Reconstructed image,"hnRNPC, Nuclear Pore Complex, DAPI"
Rep2_HNRNPC_NUP,AC16_Rep2_8d24h_HNRNPC488_NUP594_04_SIR_THR_ALN.tif,Homo sapiens,NCBITaxon,9606,AC16,,,8°C 24h,3D-SIM,Rep2,Reconstructed image,"hnRNPC, Nuclear Pore Complex, DAPI"
Rep2_HNRNPC_NUP,AC16_Rep2_8d24h_HNRNPC488_NUP594_05_SIR_THR_ALN.tif,Homo sapiens,NCBITaxon,9606,AC16,,,8°C 24h,3D-SIM,Rep2,Reconstructed image,"hnRNPC, Nuclear Pore Complex, DAPI"
Rep2_HNRNPC_NUP,AC16_Rep2_8d24h_HNRNPC488_NUP594_06_SIR_THR_ALN.tif,Homo sapiens,NCBITaxon,9606,AC16,,,8°C 24h,3D-SIM,Rep2,Reconstructed image,"hnRNPC, Nuclear Pore Complex, DAPI"
Rep2_HNRNPC_NUP,AC16_Rep2_8d24h_HNRNPC488_NUP594_07_SIR_THR_ALN.tif,Homo sapiens,NCBITaxon,9606,AC16,,,8°C 24h,3D-SIM,Rep2,Reconstructed image,"hnRNPC, Nuclear Pore Complex, DAPI"
Rep2_HNRNPC_NUP,AC16_Rep2_8d24h_HNRNPC488_NUP594_08_SIR_THR_ALN.tif,Homo sapiens,NCBITaxon,9606,AC16,,,8°C 24h,3D-SIM,Rep2,Reconstructed image,"hnRNPC, Nuclear Pore Complex, DAPI"
Rep2_HNRNPC_NUP,AC16_Rep2_8d24h_HNRNPC488_NUP594_09_SIR_THR_ALN.tif,Homo sapiens,NCBITaxon,9606,AC16,,,8°C 24h,3D-SIM,Rep2,Reconstructed image,"hnRNPC, Nuclear Pore Complex, DAPI"
Rep2_HNRNPC_NUP,AC16_Rep2_8d24h_HNRNPC488_NUP594_10_SIR_THR_ALN.tif,Homo sapiens,NCBITaxon,9606,AC16,,,8°C 24h,3D-SIM,Rep2,Reconstructed image,"hnRNPC, Nuclear Pore Complex, DAPI"
Rep2_HNRNPC_NUP,AC16_Rep2_8d24h_HNRNPC488_NUP594_11_SIR_THR_ALN.tif,Homo sapiens,NCBITaxon,9606,AC16,,,8°C 24h,3D-SIM,Rep2,Reconstructed image,"hnRNPC, Nuclear Pore Complex, DAPI"
Rep2_HNRNPC_NUP,AC16_Rep2_8d24h_HNRNPC488_NUP594_12_SIR_THR_ALN.tif,Homo sapiens,NCBITaxon,9606,AC16,,,8°C 24h,3D-SIM,Rep2,Reconstructed image,"hnRNPC, Nuclear Pore Complex, DAPI"
Rep2_H3K4M_H3K27M,AC16_Rep2_8d24h_H3K4M488_H3K27M594_01_SIR_THR_ALN.tif,Homo sapiens,NCBITaxon,9606,AC16,,,8°C 24h,3D-SIM,Rep2,Reconstructed image,"H3K4me3, H3K27me3, DAPI"
Rep2_H3K4M_H3K27M,AC16_Rep2_8d24h_H3K4M488_H3K27M594_02_SIR_THR_ALN.tif,Homo sapiens,NCBITaxon,9606,AC16,,,8°C 24h,3D-SIM,Rep2,Reconstructed image,"H3K4me3, H3K27me3, DAPI"
Rep2_H3K4M_H3K27M,AC16_Rep2_8d24h_H3K4M488_H3K27M594_03_SIR_THR_ALN.tif,Homo sapiens,NCBITaxon,9606,AC16,,,8°C 24h,3D-SIM,Rep2,Reconstructed image,"H3K4me3, H3K27me3, DAPI"
Rep2_H3K4M_H3K27M,AC16_Rep2_8d24h_H3K4M488_H3K27M594_04_SIR_THR_ALN.tif,Homo sapiens,NCBITaxon,9606,AC16,,,8°C 24h,3D-SIM,Rep2,Reconstructed image,"H3K4me3, H3K27me3, DAPI"
Rep2_H3K4M_H3K27M,AC16_Rep2_8d24h_H3K4M488_H3K27M594_05_SIR_THR_ALN.tif,Homo sapiens,NCBITaxon,9606,AC16,,,8°C 24h,3D-SIM,Rep2,Reconstructed image,"H3K4me3, H3K27me3, DAPI"
Rep2_H3K4M_H3K27M,AC16_Rep2_8d24h_H3K4M488_H3K27M594_06_SIR_THR_ALN.tif,Homo sapiens,NCBITaxon,9606,AC16,,,8°C 24h,3D-SIM,Rep2,Reconstructed image,"H3K4me3, H3K27me3, DAPI"
Rep2_H3K4M_H3K27M,AC16_Rep2_8d24h_H3K4M488_H3K27M594_07_SIR_THR_ALN.tif,Homo sapiens,NCBITaxon,9606,AC16,,,8°C 24h,3D-SIM,Rep2,Reconstructed image,"H3K4me3, H3K27me3, DAPI"
Rep2_H3K4M_H3K27M,AC16_Rep2_8d24h_H3K4M488_H3K27M594_08_SIR_THR_ALN.tif,Homo sapiens,NCBITaxon,9606,AC16,,,8°C 24h,3D-SIM,Rep2,Reconstructed image,"H3K4me3, H3K27me3, DAPI"
Rep2_H3K4M_H3K27M,AC16_Rep2_8d24h_H3K4M488_H3K27M594_09_SIR_THR_ALN.tif,Homo sapiens,NCBITaxon,9606,AC16,,,8°C 24h,3D-SIM,Rep2,Reconstructed image,"H3K4me3, H3K27me3, DAPI"
Rep2_H3K4M_H3K27M,AC16_Rep2_8d24h_H3K4M488_H3K27M594_10_SIR_THR_ALN.tif,Homo sapiens,NCBITaxon,9606,AC16,,,8°C 24h,3D-SIM,Rep2,Reconstructed image,"H3K4me3, H3K27me3, DAPI"
Rep2_H3K4M_H3K27M,AC16_Rep2_8d24h_H3K4M488_H3K27M594_11_SIR_THR_ALN.tif,Homo sapiens,NCBITaxon,9606,AC16,,,8°C 24h,3D-SIM,Rep2,Reconstructed image,"H3K4me3, H3K27me3, DAPI"
Rep2_H3K4M_H3K27M,AC16_Rep2_8d24h_H3K4M488_H3K27M594_12_SIR_THR_ALN.tif,Homo sapiens,NCBITaxon,9606,AC16,,,8°C 24h,3D-SIM,Rep2,Reconstructed image,"H3K4me3, H3K27me3, DAPI"
Rep2_POLS2P_H3K9M,AC16_Rep2_8d24h_POLS2P488_H3K9M594_01_SIR_THR_ALN.tif,Homo sapiens,NCBITaxon,9606,AC16,,,8°C 24h,3D-SIM,Rep2,Reconstructed image,"RNAPol2Ser2P, H3K9me3, DAPI"
Rep2_POLS2P_H3K9M,AC16_Rep2_8d24h_POLS2P488_H3K9M594_02_SIR_THR_ALN.tif,Homo sapiens,NCBITaxon,9606,AC16,,,8°C 24h,3D-SIM,Rep2,Reconstructed image,"RNAPol2Ser2P, H3K9me3, DAPI"
Rep2_POLS2P_H3K9M,AC16_Rep2_8d24h_POLS2P488_H3K9M594_03_SIR_THR_ALN.tif,Homo sapiens,NCBITaxon,9606,AC16,,,8°C 24h,3D-SIM,Rep2,Reconstructed image,"RNAPol2Ser2P, H3K9me3, DAPI"
Rep2_POLS2P_H3K9M,AC16_Rep2_8d24h_POLS2P488_H3K9M594_04_SIR_THR_ALN.tif,Homo sapiens,NCBITaxon,9606,AC16,,,8°C 24h,3D-SIM,Rep2,Reconstructed image,"RNAPol2Ser2P, H3K9me3, DAPI"
Rep2_POLS2P_H3K9M,AC16_Rep2_8d24h_POLS2P488_H3K9M594_05_SIR_THR_ALN.tif,Homo sapiens,NCBITaxon,9606,AC16,,,8°C 24h,3D-SIM,Rep2,Reconstructed image,"RNAPol2Ser2P, H3K9me3, DAPI"
Rep2_POLS2P_H3K9M,AC16_Rep2_8d24h_POLS2P488_H3K9M594_06_SIR_THR_ALN.tif,Homo sapiens,NCBITaxon,9606,AC16,,,8°C 24h,3D-SIM,Rep2,Reconstructed image,"RNAPol2Ser2P, H3K9me3, DAPI"
Rep2_POLS2P_H3K9M,AC16_Rep2_8d24h_POLS2P488_H3K9M594_07_SIR_THR_ALN.tif,Homo sapiens,NCBITaxon,9606,AC16,,,8°C 24h,3D-SIM,Rep2,Reconstructed image,"RNAPol2Ser2P, H3K9me3, DAPI"
Rep2_POLS2P_H3K9M,AC16_Rep2_8d24h_POLS2P488_H3K9M594_08_SIR_THR_ALN.tif,Homo sapiens,NCBITaxon,9606,AC16,,,8°C 24h,3D-SIM,Rep2,Reconstructed image,"RNAPol2Ser2P, H3K9me3, DAPI"
Rep2_POLS2P_H3K9M,AC16_Rep2_8d24h_POLS2P488_H3K9M594_09_SIR_THR_ALN.tif,Homo sapiens,NCBITaxon,9606,AC16,,,8°C 24h,3D-SIM,Rep2,Reconstructed image,"RNAPol2Ser2P, H3K9me3, DAPI"
Rep2_POLS2P_H3K9M,AC16_Rep2_8d24h_POLS2P488_H3K9M594_10_SIR_THR_ALN.tif,Homo sapiens,NCBITaxon,9606,AC16,,,8°C 24h,3D-SIM,Rep2,Reconstructed image,"RNAPol2Ser2P, H3K9me3, DAPI"
Rep2_POLS2P_H3K9M,AC16_Rep2_8d24h_POLS2P488_H3K9M594_11_SIR_THR_ALN.tif,Homo sapiens,NCBITaxon,9606,AC16,,,8°C 24h,3D-SIM,Rep2,Reconstructed image,"RNAPol2Ser2P, H3K9me3, DAPI"
Rep2_POLS2P_H3K9M,AC16_Rep2_8d24h_POLS2P488_H3K9M594_12_SIR_THR_ALN.tif,Homo sapiens,NCBITaxon,9606,AC16,,,8°C 24h,3D-SIM,Rep2,Reconstructed image,"RNAPol2Ser2P, H3K9me3, DAPI"